日期,小时,模型充电量(度),订单充电量(度),差异(模型-订单)(度)
20260601,00:00,305.1,265.0259,40.0741
20260601,01:00,94.6583,96.9948,-2.3365
20260601,02:00,69.675,5.5243,64.1507
20260601,03:00,108.625,72.715,35.91
20260601,04:00,82.4,62.953,19.447
20260601,05:00,36.3518,37.9332,-1.5814
20260601,06:00,158.8675,144.8594,14.0081
20260601,07:00,221.0267,239.5672,-18.5405
20260601,08:00,137.9892,142.1438,-4.1546
20260601,09:00,119.3802,90.6561,28.7241
20260601,10:00,167.962,155.7863,12.1757
20260601,11:00,180.0641,164.0245,16.0396
20260601,12:00,431.76,332.6984,99.0616
20260601,13:00,293.4064,271.0556,22.3508
20260601,14:00,185.6374,160.6738,24.9636
20260601,15:00,108.3537,78.5841,29.7696
20260601,16:00,107.8674,107.26,0.6074
20260601,17:00,130.7343,104.6896,26.0447
20260601,18:00,141.8912,121.2083,20.6829
20260601,19:00,50.5038,37.1399,13.3639
20260601,20:00,59.175,49.2476,9.9274
20260601,21:00,31.525,20.3902,11.1348
20260601,22:00,32.2417,20.1313,12.1104
20260601,23:00,15.2083,8.2538,6.9545
20260602,00:00,284.95,270.1578,14.7922
20260602,01:00,72.9167,48.185,24.7317
20260602,02:00,111.2167,93.6196,17.5971
20260602,03:00,149.25,135.5578,13.6922
20260602,04:00,56.7667,46.0928,10.6739
20260602,05:00,97.2675,89.1998,8.0677
20260602,06:00,92.4914,78.3929,14.0985
20260602,07:00,316.2254,315.8228,0.4026
20260602,08:00,211.4542,211.6527,-0.1985
20260602,09:00,221.8976,172.4021,49.4955
20260602,10:00,256.1488,223.9041,32.2447
20260602,11:00,193.6446,171.8713,21.7733
20260602,12:00,397.8841,330.9444,66.9397
20260602,13:00,309.7327,283.9084,25.8243
20260602,14:00,232.048,187.6074,44.4406
20260602,15:00,114.4104,90.1505,24.2599
20260602,16:00,130.4958,95.5607,34.9351
20260602,17:00,188.8647,169.302,19.5627
20260602,18:00,165.3408,137.8719,27.4689
20260602,19:00,136.0543,116.3876,19.6667
20260602,20:00,76.925,63.2803,13.6447
20260602,21:00,57.0,42.799,14.201
20260602,22:00,66.5,47.3431,19.1569
20260602,23:00,59.375,44.262,15.113
20260603,00:00,293.5917,269.802,23.7897
20260603,01:00,55.3583,44.4635,10.8948
20260603,02:00,151.7083,117.9424,33.7659
20260603,03:00,159.2917,131.8691,27.4226
20260603,04:00,135.0833,136.1205,-1.0372
20260603,05:00,67.7496,54.2297,13.5199
20260603,06:00,146.3868,123.4821,22.9047
20260603,07:00,169.8009,198.1412,-28.3403
20260603,08:00,181.933,176.917,5.016
20260603,09:00,224.9701,212.7266,12.2435
20260603,10:00,254.7979,202.3788,52.4191
20260603,11:00,254.4306,187.8056,66.625
20260603,12:00,340.7229,266.5169,74.206
20260603,13:00,328.346,300.6811,27.6649
20260603,14:00,121.6635,81.0953,40.5682
20260603,15:00,110.6822,85.772,24.9102
20260603,16:00,226.0153,217.5617,8.4536
20260603,17:00,182.6762,143.2661,39.4101
20260603,18:00,229.0603,199.0807,29.9796
20260603,19:00,189.0797,155.2368,33.8429
20260603,20:00,111.975,93.5721,18.4029
20260603,21:00,59.675,44.9197,14.7553
20260603,22:00,9.2,1.9702,7.2298
20260603,23:00,79.775,66.4192,13.3558
20260604,00:00,207.8583,186.5641,21.2942
20260604,01:00,47.7917,43.8076,3.9841
20260604,02:00,81.7583,59.2039,22.5544
20260604,03:00,184.8917,128.4585,56.4332
20260604,04:00,49.1667,74.6926,-25.5259
20260604,05:00,61.5748,42.1129,19.4619
20260604,06:00,148.2655,123.6865,24.579
20260604,07:00,247.6558,261.5731,-13.9173
20260604,08:00,291.1568,267.1471,24.0097
20260604,09:00,278.6739,244.3943,34.2796
20260604,10:00,220.4992,186.701,33.7982
20260604,11:00,254.1631,208.0473,46.1158
20260604,12:00,328.0062,244.8976,83.1086
20260604,13:00,248.1222,217.3856,30.7366
20260604,14:00,190.4855,162.5239,27.9616
20260604,15:00,192.6333,175.6764,16.9569
20260604,16:00,185.0149,161.465,23.5499
20260604,17:00,171.0608,145.0502,26.0106
20260604,18:00,144.6212,110.4547,34.1665
20260604,19:00,142.3917,111.9378,30.4539
20260604,20:00,87.75,70.7892,16.9608
20260604,21:00,40.625,25.327,15.298
20260604,22:00,38.325,29.6867,8.6383
20260604,23:00,50.075,37.5897,12.4853
20260605,00:00,225.7417,185.7076,40.0341
20260605,01:00,47.7,31.4136,16.2864
20260605,02:00,122.2,97.0509,25.1491
20260605,03:00,93.8583,92.0313,1.827
20260605,04:00,31.025,23.7327,7.2923
20260605,05:00,113.7495,87.8434,25.9061
20260605,06:00,167.8838,145.9325,21.9513
20260605,07:00,206.3899,217.3943,-11.0044
20260605,08:00,273.8516,269.3625,4.4891
20260605,09:00,325.6856,267.2618,58.4238
20260605,10:00,297.6362,252.2026,45.4336
20260605,11:00,320.2584,274.6602,45.5982
20260605,12:00,395.1809,313.2188,81.9621
20260605,13:00,293.963,255.2738,38.6892
20260605,14:00,150.4121,116.73,33.6821
20260605,15:00,90.9688,75.2566,15.7122
20260605,16:00,104.7862,89.3414,15.4448
20260605,17:00,148.799,112.176,36.623
20260605,18:00,112.0726,101.6855,10.3871
20260605,19:00,71.0983,54.9345,16.1638
20260605,20:00,27.85,17.4727,10.3773
20260605,21:00,71.4,53.9557,17.4443
20260605,22:00,92.9,80.6517,12.2483
20260605,23:00,83.625,72.459,11.166
20260606,00:00,279.4,256.0311,23.3689
20260606,01:00,100.7583,71.5736,29.1847
20260606,02:00,97.8167,92.1907,5.626
20260606,03:00,144.2667,117.3806,26.8861
20260606,04:00,84.4833,86.4835,-2.0002
20260606,05:00,103.1082,86.8874,16.2208
20260606,06:00,102.4756,91.3634,11.1122
20260606,07:00,217.0644,233.0107,-15.9463
20260606,08:00,168.517,173.651,-5.134
20260606,09:00,221.9009,197.1738,24.7271
20260606,10:00,144.9698,118.1017,26.8681
20260606,11:00,225.0532,192.6763,32.3769
20260606,12:00,359.6701,299.2617,60.4084
20260606,13:00,260.3643,223.7146,36.6497
20260606,14:00,64.5647,55.4656,9.0991
20260606,15:00,186.1884,158.5228,27.6656
20260606,16:00,133.5968,136.7524,-3.1556
20260606,17:00,180.1048,162.4957,17.6091
20260606,18:00,110.9292,89.2614,21.6678
20260606,19:00,98.925,82.4614,16.4636
20260606,20:00,90.45,74.9114,15.5386
20260606,21:00,125.25,113.7742,11.4758
20260606,22:00,37.9,20.3715,17.5285
20260606,23:00,61.0667,49.0295,12.0372
20260607,00:00,215.0,201.2061,13.7939
20260607,01:00,133.2167,80.2469,52.9698
20260607,02:00,120.15,100.4444,19.7056
20260607,03:00,81.8,74.0365,7.7635
20260607,04:00,85.5583,79.2814,6.2769
20260607,05:00,54.3032,44.9128,9.3904
20260607,06:00,141.6356,127.5788,14.0568
20260607,07:00,248.8217,252.453,-3.6313
20260607,08:00,252.2578,235.1122,17.1456
20260607,09:00,198.2455,187.5251,10.7204
20260607,10:00,165.0667,140.6859,24.3808
20260607,11:00,196.3128,176.1385,20.1743
20260607,12:00,307.6915,231.6218,76.0697
20260607,13:00,127.5408,102.0652,25.4756
20260607,14:00,52.4692,34.2706,18.1986
20260607,15:00,48.5465,38.1207,10.4258
20260607,16:00,63.435,49.635,13.8
20260607,17:00,136.1632,133.3939,2.7693
20260607,18:00,62.0419,43.8334,18.2085
20260607,19:00,112.6285,90.9902,21.6383
20260607,20:00,102.075,78.7476,23.3274
20260607,21:00,67.4,56.7364,10.6636
20260607,22:00,37.55,32.3682,5.1818
20260607,23:00,50.425,24.3221,26.1029
20260608,00:00,289.6667,264.3135,25.3532
20260608,01:00,137.9917,110.128,27.8637
20260608,02:00,65.2083,56.4549,8.7534
20260608,03:00,164.175,127.1783,36.9967
20260608,04:00,78.525,74.2502,4.2748
20260608,05:00,68.9777,65.2595,3.7182
20260608,06:00,189.2264,161.1233,28.1031
20260608,07:00,183.4504,205.2617,-21.8113
20260608,08:00,191.3844,181.958,9.4264
20260608,09:00,238.0229,216.205,21.8179
20260608,10:00,184.8843,138.1361,46.7482
20260608,11:00,172.2342,141.4634,30.7708
20260608,12:00,375.296,295.2719,80.0241
20260608,13:00,311.2759,289.8377,21.4382
20260608,14:00,133.7483,106.1281,27.6202
20260608,15:00,89.8469,80.4177,9.4292
20260608,16:00,98.7806,80.4074,18.3732
20260608,17:00,110.246,79.5966,30.6494
20260608,18:00,91.795,64.197,27.598
20260608,19:00,159.3167,147.9161,11.4006
20260608,20:00,78.875,59.1511,19.7239
20260608,21:00,44.95,37.7088,7.2412
20260608,22:00,14.75,7.469,7.281
20260608,23:00,8.3,0.0,8.3
20260609,00:00,216.6833,202.3557,14.3276
20260609,01:00,107.975,84.156,23.819
20260609,02:00,56.5167,62.6548,-6.1381
20260609,03:00,126.9583,103.6021,23.3562
20260609,04:00,17.7667,16.2164,1.5503
20260609,05:00,91.0611,74.6729,16.3882
20260609,06:00,180.1855,145.7963,34.3892
20260609,07:00,222.8909,242.6817,-19.7908
20260609,08:00,264.615,269.5499,-4.9349
20260609,09:00,221.1446,200.7479,20.3967
20260609,10:00,236.7124,216.5967,20.1157
20260609,11:00,183.6437,161.3491,22.2946
20260609,12:00,321.6123,254.1161,67.4962
20260609,13:00,325.2236,292.0083,33.2153
20260609,14:00,192.6369,150.0631,42.5738
20260609,15:00,122.8303,110.5059,12.3244
20260609,16:00,80.2194,80.6246,-0.4052
20260609,17:00,111.3213,97.9642,13.3571
20260609,18:00,46.3757,31.331,15.0447
20260609,19:00,18.85,15.8975,2.9525
20260609,20:00,89.225,76.1348,13.0902
20260609,21:00,77.65,70.6116,7.0384
20260609,22:00,66.05,54.6085,11.4415
20260609,23:00,79.7,36.9728,42.7272
20260610,00:00,214.925,169.7835,45.1415
20260610,01:00,145.9333,153.3838,-7.4505
20260610,02:00,65.6417,36.0723,29.5694
20260610,03:00,186.4667,175.9464,10.5203
20260610,04:00,124.7333,126.3156,-1.5823
20260610,05:00,104.7646,90.9628,13.8018
20260610,06:00,178.9842,160.669,18.3152
20260610,07:00,201.4654,223.1635,-21.6981
20260610,08:00,263.4032,253.4551,9.9481
20260610,09:00,145.9347,157.9113,-11.9766
20260610,10:00,140.2871,117.1783,23.1088
20260610,11:00,186.9628,151.1701,35.7927
20260610,12:00,275.0132,221.3585,53.6547
20260610,13:00,322.2095,288.2274,33.9821
20260610,14:00,173.8854,159.5106,14.3748
20260610,15:00,138.7782,126.8752,11.903
20260610,16:00,98.5367,95.4372,3.0995
20260610,17:00,157.7307,146.3257,11.405
20260610,18:00,91.4918,70.1217,21.3701
20260610,19:00,101.15,86.405,14.745
20260610,20:00,50.65,43.6259,7.0241
20260610,21:00,102.475,83.1274,19.3476
20260610,22:00,28.35,22.5,5.85
20260610,23:00,26.5,18.6176,7.8824
20260611,00:00,271.9333,240.5031,31.4302
20260611,01:00,82.5667,84.9573,-2.3906
20260611,02:00,57.025,49.6862,7.3388
20260611,03:00,177.0167,133.3583,43.6584
20260611,04:00,78.75,87.7445,-8.9945
20260611,05:00,59.5214,48.938,10.5834
20260611,06:00,99.7908,82.8769,16.9139
20260611,07:00,183.4877,197.6513,-14.1636
20260611,08:00,199.564,195.1087,4.4553
20260611,09:00,267.6562,234.4571,33.1991
20260611,10:00,171.6556,152.288,19.3676
20260611,11:00,163.9881,132.1207,31.8674
20260611,12:00,291.1001,224.113,66.9871
20260611,13:00,264.4408,255.4782,8.9626
20260611,14:00,147.3106,130.7683,16.5423
20260611,15:00,113.7759,102.7262,11.0497
20260611,16:00,222.0761,189.5891,32.487
20260611,17:00,198.655,194.7572,3.8978
20260611,18:00,107.4087,84.3963,23.0124
20260611,19:00,177.4332,146.5096,30.9236
20260611,20:00,142.775,93.2333,49.5417
20260611,21:00,76.925,58.3216,18.6034
20260611,22:00,9.525,4.5915,4.9335
20260611,23:00,12.525,9.7773,2.7477
20260612,00:00,229.8083,207.592,22.2163
20260612,01:00,109.325,92.9705,16.3545
20260612,02:00,42.325,36.8395,5.4855
20260612,03:00,96.2083,48.6559,47.5524
20260612,04:00,41.25,63.5116,-22.2616
20260612,05:00,61.5488,48.8728,12.676
20260612,06:00,121.3176,111.1013,10.2163
20260612,07:00,231.4501,237.5097,-6.0596
20260612,08:00,245.6422,245.6553,-0.0131
20260612,09:00,262.5387,238.4255,24.1132
20260612,10:00,222.606,179.4228,43.1832
20260612,11:00,334.4531,263.5495,70.9036
20260612,12:00,393.3017,337.4407,55.861
20260612,13:00,298.7734,274.0761,24.6973
20260612,14:00,71.8213,32.8763,38.945
20260612,15:00,81.1407,68.4856,12.6551
20260612,16:00,140.9901,126.0302,14.9599
20260612,17:00,109.3344,81.6274,27.707
20260612,18:00,102.8692,92.3871,10.4821
20260612,19:00,166.9659,141.5044,25.4615
20260612,20:00,115.1667,101.8109,13.3558
20260612,21:00,73.45,56.5999,16.8501
20260612,22:00,12.425,3.9184,8.5066
20260612,23:00,41.1,40.4471,0.6529
20260613,00:00,376.1167,331.1766,44.9401
20260613,01:00,132.175,124.4042,7.7708
20260613,02:00,64.5583,58.2651,6.2932
20260613,03:00,90.025,71.437,18.588
20260613,04:00,176.85,148.3217,28.5283
20260613,05:00,143.5662,135.9145,7.6517
20260613,06:00,180.4228,154.916,25.5068
20260613,07:00,175.5624,196.4051,-20.8427
20260613,08:00,183.6512,182.2548,1.3964
20260613,09:00,289.0511,247.394,41.6571
20260613,10:00,148.3455,131.1248,17.2207
20260613,11:00,209.3022,191.1353,18.1669
20260613,12:00,336.8046,266.8764,69.9282
20260613,13:00,281.2108,257.877,23.3338
20260613,14:00,210.6672,185.9087,24.7585
20260613,15:00,136.4291,132.3675,4.0616
20260613,16:00,196.6251,181.4221,15.203
20260613,17:00,163.3181,135.3213,27.9968
20260613,18:00,84.1149,77.6596,6.4553
20260613,19:00,79.4,64.926,14.474
20260613,20:00,86.45,73.0493,13.4007
20260613,21:00,45.7,35.3377,10.3623
20260613,22:00,42.075,32.9711,9.1039
20260613,23:00,52.65,38.0077,14.6423
20260614,00:00,277.7333,264.0491,13.6842
20260614,01:00,94.9583,87.8275,7.1308
20260614,02:00,107.7083,65.3821,42.3262
20260614,03:00,151.55,152.3451,-0.7951
20260614,04:00,58.4917,63.6522,-5.1605
20260614,05:00,47.5801,33.8608,13.7193
20260614,06:00,111.8863,99.2161,12.6702
20260614,07:00,267.4401,273.1076,-5.6675
20260614,08:00,201.1045,197.3618,3.7427
20260614,09:00,132.2418,104.635,27.6068
20260614,10:00,92.5216,71.1899,21.3317
20260614,11:00,250.3658,194.85,55.5158
20260614,12:00,408.8942,345.9243,62.9699
20260614,13:00,247.8402,235.9239,11.9163
20260614,14:00,173.1648,149.8167,23.3481
20260614,15:00,58.3572,47.3004,11.0568
20260614,16:00,123.7016,121.4691,2.2325
20260614,17:00,120.5224,111.5324,8.99
20260614,18:00,148.7462,131.5916,17.1546
20260614,19:00,70.475,60.1761,10.2989
20260614,20:00,122.55,112.3919,10.1581
20260614,21:00,54.075,42.942,11.133
20260614,22:00,23.675,16.6806,6.9944
20260614,23:00,40.025,29.176,10.849
20260615,00:00,202.7583,175.8911,26.8672
20260615,01:00,24.4333,19.0829,5.3504
20260615,02:00,86.25,61.1032,25.1468
20260615,03:00,141.9417,141.1291,0.8126
20260615,04:00,30.575,22.4597,8.1153
20260615,05:00,30.4282,25.8814,4.5468
20260615,06:00,162.199,133.2767,28.9223
20260615,07:00,219.084,234.856,-15.772
20260615,08:00,197.4925,188.028,9.4645
20260615,09:00,273.3985,255.849,17.5495
20260615,10:00,138.723,115.2133,23.5097
20260615,11:00,139.4472,120.4211,19.0261
20260615,12:00,402.5914,321.398,81.1934
20260615,13:00,270.3187,254.3028,16.0159
20260615,14:00,148.4598,134.1872,14.2726
20260615,15:00,62.6825,53.9658,8.7167
20260615,16:00,102.7647,98.0975,4.6672
20260615,17:00,145.0001,125.6828,19.3173
20260615,18:00,116.9551,92.3616,24.5935
20260615,19:00,162.2,131.5314,30.6686
20260615,20:00,67.575,58.2254,9.3496
20260615,21:00,67.375,60.8869,6.4881
20260615,22:00,38.35,27.69,10.66
20260615,23:00,56.9,43.814,13.086
20260616,00:00,204.2333,188.7302,15.5031
20260616,01:00,96.8917,86.4258,10.4659
20260616,02:00,120.7583,99.2211,21.5372
20260616,03:00,78.2833,60.7644,17.5189
20260616,04:00,37.9167,35.553,2.3637
20260616,05:00,88.2779,77.5947,10.6832
20260616,06:00,224.8033,204.7716,20.0317
20260616,07:00,160.8815,184.9075,-24.026
20260616,08:00,246.0301,226.6237,19.4064
20260616,09:00,217.5753,194.3734,23.2019
20260616,10:00,102.3745,75.5591,26.8154
20260616,11:00,270.5756,233.5039,37.0717
20260616,12:00,339.2892,281.3397,57.9495
20260616,13:00,239.9297,225.5551,14.3746
20260616,14:00,77.0866,69.1827,7.9039
20260616,15:00,80.2897,74.4839,5.8058
20260616,16:00,131.0386,117.543,13.4956
20260616,17:00,189.8395,165.2347,24.6048
20260616,18:00,117.8713,87.7688,30.1025
20260616,19:00,116.7523,85.3237,31.4286
20260616,20:00,38.975,27.3615,11.6135
20260616,21:00,23.35,16.0695,7.2805
20260616,22:00,11.4583,5.906,5.5523
20260616,23:00,6.85,0.0,6.85
20260617,00:00,321.9833,290.4354,31.5479
20260617,01:00,108.1667,91.4943,16.6724
20260617,02:00,35.1917,35.1407,0.051
20260617,03:00,80.525,57.7731,22.7519
20260617,04:00,84.85,86.1938,-1.3438
20260617,05:00,15.9,10.3717,5.5283
20260617,06:00,78.0446,60.024,18.0206
20260617,07:00,251.9837,268.2637,-16.28
20260617,08:00,219.8717,223.992,-4.1203
20260617,09:00,262.0327,241.6289,20.4038
20260617,10:00,148.1619,105.1874,42.9745
20260617,11:00,262.3302,212.3276,50.0026
20260617,12:00,309.4174,247.1299,62.2875
20260617,13:00,254.0644,234.7036,19.3608
20260617,14:00,119.2619,112.8557,6.4062
20260617,15:00,102.136,93.8852,8.2508
20260617,16:00,43.9088,48.349,-4.4402
20260617,17:00,175.6687,149.264,26.4047
20260617,18:00,136.0241,111.0233,25.0008
20260617,19:00,130.8728,106.4055,24.4673
20260617,20:00,157.825,133.4461,24.3789
20260617,21:00,115.75,99.1152,16.6348
20260617,22:00,9.025,4.5766,4.4484
20260617,23:00,32.55,21.2233,11.3267
20260618,00:00,334.4083,306.2727,28.1356
20260618,01:00,153.5333,131.5121,22.0212
20260618,02:00,195.3917,204.611,-9.2193
20260618,03:00,113.0333,93.0845,19.9488
20260618,04:00,78.8917,67.4902,11.4015
20260618,05:00,39.8188,34.0889,5.7299
20260618,06:00,110.6155,95.8346,14.7809
20260618,07:00,189.3247,203.6433,-14.3186
20260618,08:00,200.6365,202.8371,-2.2006
20260618,09:00,238.1988,216.0708,22.128
20260618,10:00,239.2063,201.3347,37.8716
20260618,11:00,266.4021,258.7825,7.6196
20260618,12:00,260.8383,202.2583,58.58
20260618,13:00,178.9552,173.4201,5.5351
20260618,14:00,155.8137,132.2042,23.6095
20260618,15:00,96.3114,86.4643,9.8471
20260618,16:00,113.5476,115.7809,-2.2333
20260618,17:00,169.8017,155.627,14.1747
20260618,18:00,102.775,71.9183,30.8567
20260618,19:00,187.375,175.1375,12.2375
20260618,20:00,110.4,91.859,18.541
20260618,21:00,27.425,21.7535,5.6715
20260618,22:00,93.125,73.238,19.887
20260618,23:00,48.525,48.0418,0.4832
20260619,00:00,240.6167,222.5169,18.0998
20260619,01:00,18.2917,18.4641,-0.1724
20260619,02:00,102.125,82.7228,19.4022
20260619,03:00,100.1917,76.0679,24.1238
20260619,04:00,65.2333,62.8982,2.3351
20260619,05:00,64.1774,63.4999,0.6775
20260619,06:00,209.1316,161.7733,47.3583
20260619,07:00,152.9022,215.2695,-62.3673
20260619,08:00,166.5291,200.1182,-33.5891
20260619,09:00,22.5931,40.4057,-17.8126
20260619,10:00,62.5287,88.2625,-25.7338
20260619,11:00,145.0063,131.2562,13.7501
20260619,12:00,343.8687,291.7861,52.0826
20260619,13:00,255.5628,248.5111,7.0517
20260619,14:00,42.7142,76.478,-33.7638
20260619,15:00,2.5505,26.5807,-24.0302
20260619,16:00,55.332,86.4279,-31.0959
20260619,17:00,77.2571,88.0942,-10.8371
20260619,18:00,19.3485,5.7256,13.6229
20260619,19:00,35.3942,23.9109,11.4833
20260619,20:00,84.575,67.1734,17.4016
20260619,21:00,18.175,12.345,5.83
20260619,22:00,25.6667,15.3598,10.3069
20260619,23:00,64.3417,51.12,13.2217
20260620,00:00,314.425,289.2094,25.2156
20260620,01:00,117.5833,96.4615,21.1218
20260620,02:00,115.125,109.1905,5.9345
20260620,03:00,67.95,75.8932,-7.9432
20260620,04:00,58.2,43.3343,14.8657
20260620,05:00,50.8134,42.183,8.6304
20260620,06:00,66.3822,58.6997,7.6825
20260620,07:00,243.3976,234.2063,9.1913
20260620,08:00,174.9532,182.8521,-7.8989
20260620,09:00,247.0474,186.7515,60.2959
20260620,10:00,192.0102,169.1506,22.8596
20260620,11:00,212.5911,179.4712,33.1199
20260620,12:00,300.1996,221.6932,78.5064
20260620,13:00,289.3773,254.0058,35.3715
20260620,14:00,130.088,124.7926,5.2954
20260620,15:00,73.7502,60.0007,13.7495
20260620,16:00,135.8832,107.4041,28.4791
20260620,17:00,85.3148,66.6917,18.6231
20260620,18:00,116.6428,83.5415,33.1013
20260620,19:00,79.6644,53.218,26.4464
20260620,20:00,31.5,19.3951,12.1049
20260620,21:00,74.0583,57.4567,16.6016
20260620,22:00,52.25,41.5922,10.6578
20260620,23:00,9.8167,0.0,9.8167
20260621,00:00,249.7,224.9897,24.7103
20260621,01:00,100.9167,87.1723,13.7444
20260621,02:00,107.325,75.4163,31.9087
20260621,03:00,190.8417,166.5471,24.2946
20260621,04:00,94.9667,92.7578,2.2089
20260621,05:00,41.9953,24.4817,17.5136
20260621,06:00,138.1988,107.51,30.6888
20260621,07:00,234.9719,249.278,-14.3061
20260621,08:00,104.4147,102.5873,1.8274
20260621,09:00,193.6265,146.2577,47.3688
20260621,10:00,239.109,202.6998,36.4092
20260621,11:00,236.447,192.2305,44.2165
20260621,12:00,365.4979,276.9244,88.5735
20260621,13:00,219.5507,198.6438,20.9069
20260621,14:00,120.6502,102.6394,18.0108
20260621,15:00,172.7263,143.766,28.9603
20260621,16:00,265.3433,237.7885,27.5548
20260621,17:00,308.3625,260.4851,47.8774
20260621,18:00,203.6705,151.7627,51.9078
20260621,19:00,144.3101,111.5638,32.7463
20260621,20:00,80.525,54.2846,26.2404
20260621,21:00,31.325,21.1309,10.1941
20260621,22:00,91.825,76.9588,14.8662
20260621,23:00,19.975,7.6561,12.3189
20260622,00:00,155.3917,139.2405,16.1512
20260622,01:00,91.5417,69.814,21.7277
20260622,02:00,56.525,42.0615,14.4635
20260622,03:00,95.275,65.1032,30.1718
20260622,04:00,73.1917,67.9968,5.1949
20260622,05:00,17.8612,7.26,10.6012
20260622,06:00,73.4017,60.5899,12.8118
20260622,07:00,243.4008,246.7769,-3.3761
20260622,08:00,308.7011,303.8986,4.8025
20260622,09:00,170.7244,143.8989,26.8255
20260622,10:00,237.0371,202.8863,34.1508
20260622,11:00,217.3844,169.644,47.7404
20260622,12:00,394.1898,328.3171,65.8727
20260622,13:00,239.3839,202.4045,36.9794
20260622,14:00,145.2228,129.0612,16.1616
20260622,15:00,137.0601,119.0827,17.9774
20260622,16:00,139.4546,116.6315,22.8231
20260622,17:00,180.3344,131.8254,48.509
20260622,18:00,178.5159,134.2711,44.2448
20260622,19:00,98.2922,74.4743,23.8179
20260622,20:00,68.9333,45.7641,23.1692
20260622,21:00,39.5417,28.4385,11.1032
20260622,22:00,64.6,46.5867,18.0133
20260622,23:00,18.15,0.0121,18.1379
20260623,00:00,282.5833,249.7063,32.877
20260623,01:00,125.825,103.1095,22.7155
20260623,02:00,143.7167,121.9878,21.7289
20260623,03:00,74.175,61.0526,13.1224
20260623,04:00,31.0167,25.8204,5.1963
20260623,05:00,18.9762,14.796,4.1802
20260623,06:00,168.3448,133.0374,35.3074
20260623,07:00,323.7327,331.5433,-7.8106
20260623,08:00,181.8287,164.2519,17.5768
20260623,09:00,274.6026,233.3592,41.2434
20260623,10:00,125.4415,88.6829,36.7586
20260623,11:00,251.1358,190.1363,60.9995
20260623,12:00,387.2388,289.43,97.8088
20260623,13:00,326.2244,267.0252,59.1992
20260623,14:00,165.5185,139.7071,25.8114
20260623,15:00,108.3047,79.5844,28.7203
20260623,16:00,165.2438,136.1666,29.0772
20260623,17:00,223.7126,185.4431,38.2695
20260623,18:00,140.8724,116.2235,24.6489
20260623,19:00,111.9072,90.3646,21.5426
20260623,20:00,76.975,55.4981,21.4769
20260623,21:00,56.55,49.1286,7.4214
20260623,22:00,151.225,117.249,33.976
20260623,23:00,107.4,103.8937,3.5063
20260624,00:00,270.35,247.442,22.908
20260624,01:00,84.25,63.1083,21.1417
20260624,02:00,31.2167,23.6692,7.5475
20260624,03:00,107.0583,72.5178,34.5405
20260624,04:00,25.9917,28.3172,-2.3255
20260624,05:00,34.5561,24.695,9.8611
20260624,06:00,181.9025,156.6738,25.2287
20260624,07:00,176.676,191.321,-14.645
20260624,08:00,222.97,204.0435,18.9265
20260624,09:00,227.8013,197.4868,30.3145
20260624,10:00,158.8808,109.7725,49.1083
20260624,11:00,249.0971,214.5643,34.5328
20260624,12:00,363.4503,271.8196,91.6307
20260624,13:00,277.8509,243.864,33.9869
20260624,14:00,108.5524,72.5056,36.0468
20260624,15:00,134.9837,110.5537,24.43
20260624,16:00,196.6524,162.0699,34.5825
20260624,17:00,159.2507,118.6694,40.5813
20260624,18:00,62.0093,24.2219,37.7874
20260624,19:00,160.2973,121.8623,38.435
20260624,20:00,62.2167,48.8445,13.3722
20260624,21:00,39.2167,25.0413,14.1754
20260624,22:00,54.375,40.3104,14.0646
20260624,23:00,60.225,41.8853,18.3397
20260625,00:00,304.7917,271.5782,33.2135
20260625,01:00,56.5083,47.7024,8.8059
20260625,02:00,175.8917,117.97,57.9217
20260625,03:00,196.2583,197.8836,-1.6253
20260625,04:00,100.1167,88.7981,11.3186
20260625,05:00,31.5606,18.7493,12.8113
20260625,06:00,214.6238,184.3487,30.2751
20260625,07:00,231.8212,230.6391,1.1821
20260625,08:00,271.7132,261.476,10.2372
20260625,09:00,294.2497,274.2709,19.9788
20260625,10:00,302.5294,254.5473,47.9821
20260625,11:00,274.9662,232.5509,42.4153
20260625,12:00,407.6935,303.9555,103.738
20260625,13:00,279.7944,246.2368,33.5576
20260625,14:00,84.7207,69.1648,15.5559
20260625,15:00,122.3458,99.5688,22.777
20260625,16:00,119.544,88.4369,31.1071
20260625,17:00,89.9384,54.5308,35.4076
20260625,18:00,48.3948,20.1428,28.252
20260625,19:00,160.2196,124.6403,35.5793
20260625,20:00,140.6583,109.47,31.1883
20260625,21:00,76.05,60.977,15.073
20260625,22:00,7.975,0.0,7.975
20260625,23:00,7.375,0.6021,6.7729
20260626,00:00,281.1417,253.2097,27.932
20260626,01:00,137.65,121.0539,16.5961
20260626,02:00,118.0167,110.6994,7.3173
20260626,03:00,94.7833,72.3734,22.4099
20260626,04:00,62.8417,62.3525,0.4892
20260626,05:00,105.1168,88.3928,16.724
20260626,06:00,207.4837,174.234,33.2497
20260626,07:00,275.7005,275.7668,-0.0663
20260626,08:00,171.9227,174.2189,-2.2962
20260626,09:00,281.8893,231.3455,50.5438
20260626,10:00,138.9214,116.3741,22.5473
20260626,11:00,287.4611,241.6735,45.7876
20260626,12:00,398.4551,312.8111,85.644
20260626,13:00,288.5578,254.5045,34.0533
20260626,14:00,191.305,142.8576,48.4474
20260626,15:00,217.4437,178.1677,39.276
20260626,16:00,135.1592,105.3215,29.8377
20260626,17:00,146.5159,108.7645,37.7514
20260626,18:00,126.1606,102.1169,24.0437
20260626,19:00,153.325,97.9485,55.3765
20260626,20:00,58.625,46.1339,12.4911
20260626,21:00,34.225,24.6609,9.5641
20260626,22:00,12.65,5.3381,7.3119
20260626,23:00,19.025,11.083,7.942
20260627,00:00,374.9917,332.1792,42.8125
20260627,01:00,105.8417,107.0072,-1.1655
20260627,02:00,34.2917,27.8597,6.432
20260627,03:00,51.5583,43.3691,8.1892
20260627,04:00,86.375,66.7038,19.6712
20260627,05:00,42.5942,37.991,4.6032
20260627,06:00,110.7002,92.6818,18.0184
20260627,07:00,215.2299,243.7961,-28.5662
20260627,08:00,163.7487,161.3426,2.4061
20260627,09:00,269.3286,239.3743,29.9543
20260627,10:00,188.4612,154.0136,34.4476
20260627,11:00,236.5364,187.241,49.2954
20260627,12:00,363.2096,272.1147,91.0949
20260627,13:00,289.5397,263.1453,26.3944
20260627,14:00,211.4883,179.891,31.5973
20260627,15:00,62.1136,50.0926,12.021
20260627,16:00,46.7892,34.351,12.4382
20260627,17:00,163.3292,125.4382,37.891
20260627,18:00,59.9074,43.0248,16.8826
20260627,19:00,127.5764,105.2205,22.3559
20260627,20:00,123.6,105.7936,17.8064
20260627,21:00,36.725,29.9492,6.7758
20260627,22:00,76.1333,58.9715,17.1618
20260627,23:00,70.125,80.9317,-10.8067
20260628,00:00,209.4917,188.3153,21.1764
20260628,01:00,48.7917,45.2824,3.5093
20260628,02:00,133.9417,111.8302,22.1115
20260628,03:00,88.4333,63.0998,25.3335
20260628,04:00,101.4417,97.712,3.7297
20260628,05:00,85.9102,75.1906,10.7196
20260628,06:00,241.0347,228.5704,12.4643
20260628,07:00,252.1422,258.9268,-6.7846
20260628,08:00,182.219,169.7478,12.4712
20260628,09:00,228.3776,181.2993,47.0783
20260628,10:00,158.768,133.6759,25.0921
20260628,11:00,160.4818,129.5596,30.9222
20260628,12:00,382.2303,306.7177,75.5126
20260628,13:00,236.7699,214.9162,21.8537
20260628,14:00,119.1947,101.683,17.5117
20260628,15:00,96.3507,90.9743,5.3764
20260628,16:00,128.1662,108.6911,19.4751
20260628,17:00,142.8388,123.2615,19.5773
20260628,18:00,144.4447,113.2208,31.2239
20260628,19:00,260.6104,215.2276,45.3828
20260628,20:00,124.525,116.6021,7.9229
20260628,21:00,70.85,59.8203,11.0297
20260628,22:00,157.625,139.3099,18.3151
20260628,23:00,38.4,16.242,22.158
20260629,00:00,307.2,270.6566,36.5434
20260629,01:00,181.375,163.6298,17.7452
20260629,02:00,132.4083,109.6555,22.7528
20260629,03:00,144.9917,127.2398,17.7519
20260629,04:00,20.825,23.6468,-2.8218
20260629,05:00,31.0467,23.8755,7.1712
20260629,06:00,191.9907,166.7287,25.262
20260629,07:00,204.2082,222.3526,-18.1444
20260629,08:00,148.5695,127.9042,20.6653
20260629,09:00,171.079,155.9112,15.1678
20260629,10:00,236.0718,200.3828,35.689
20260629,11:00,196.2868,148.3737,47.9131
20260629,12:00,433.7559,346.9394,86.8165
20260629,13:00,238.8869,207.3312,31.5557
20260629,14:00,176.6227,144.2488,32.3739
20260629,15:00,100.1308,89.7847,10.3461
20260629,16:00,138.1637,114.0664,24.0973
20260629,17:00,95.686,66.0409,29.6451
20260629,18:00,56.4876,44.6204,11.8672
20260629,19:00,116.9807,91.7157,25.265
20260629,20:00,69.075,65.7479,3.3271
20260629,21:00,70.5,49.3565,21.1435
20260629,22:00,17.875,13.5489,4.3261
20260629,23:00,30.25,19.4338,10.8162
20260630,00:00,265.325,239.5045,25.8205
20260630,01:00,73.8417,69.3899,4.4518
20260630,02:00,140.725,115.2829,25.4421
20260630,03:00,67.7083,65.6756,2.0327
20260630,04:00,46.45,38.0201,8.4299
20260630,05:00,42.7943,29.3907,13.4036
20260630,06:00,205.7167,176.3575,29.3592
20260630,07:00,236.7509,250.6873,-13.9364
20260630,08:00,194.0742,182.8907,11.1835
20260630,09:00,198.2992,181.5208,16.7784
20260630,10:00,187.3977,140.0724,47.3253
20260630,11:00,278.3339,229.401,48.9329
20260630,12:00,327.1072,257.7133,69.3939
20260630,13:00,259.8716,221.2508,38.6208
20260630,14:00,133.303,110.6099,22.6931
20260630,15:00,162.6301,145.3409,17.2892
20260630,16:00,52.0101,45.5752,6.4349
20260630,17:00,103.9236,76.7767,27.1469
20260630,18:00,130.3308,117.8755,12.4553
20260630,19:00,195.4012,162.6479,32.7533
20260630,20:00,33.3667,19.5619,13.8048
20260630,21:00,51.775,38.1956,13.5794
20260630,22:00,63.375,48.1774,15.1976
20260630,23:00,48.4,32.4656,15.9344
20260701,00:00,0.0,82.4204,-82.4204
