日期,小时,是否夜间,总站总负载(度),订单充电量(度),原拟合工厂用电(度),夜间基础负荷封顶值(度),夜间超基线残余(度),新版修正后厂区用电(度)
20260601,00:00,是,305.1,265.0259,50.7247,8.1375,42.5872,8.1375
20260601,01:00,是,94.6583,96.9948,9.2689,8.1375,1.1314,8.1375
20260601,02:00,是,69.675,5.5243,65.985,8.1375,57.8475,8.1375
20260601,03:00,是,108.625,72.715,39.5007,8.1375,31.3632,8.1375
20260601,04:00,是,82.4,62.953,21.1087,8.1375,12.9712,8.1375
20260601,05:00,是,36.3518,37.9332,6.0438,6.0438,0.0,6.0438
20260601,06:00,否,158.8675,144.8594,22.6485,0.0,0.0,22.6485
20260601,07:00,否,271.0267,239.5672,43.6134,0.0,0.0,43.6134
20260601,08:00,否,187.9892,142.1438,46.2718,0.0,0.0,46.2718
20260601,09:00,否,169.3802,90.6561,78.724,0.0,0.0,78.724
20260601,10:00,否,217.962,155.7863,62.1757,0.0,0.0,62.1757
20260601,11:00,否,230.0641,164.0245,66.6026,0.0,0.0,66.6026
20260601,12:00,否,431.76,332.6984,112.2516,0.0,0.0,112.2516
20260601,13:00,否,343.4064,271.0556,75.7229,0.0,0.0,75.7229
20260601,14:00,否,235.6374,160.6738,74.9636,0.0,0.0,74.9636
20260601,15:00,否,158.3537,78.5841,79.7697,0.0,0.0,79.7697
20260601,16:00,否,157.8674,107.26,55.3155,0.0,0.0,55.3155
20260601,17:00,否,180.7343,104.6896,76.0448,0.0,0.0,76.0448
20260601,18:00,是,141.8912,121.2083,25.1233,8.1375,16.9858,8.1375
20260601,19:00,是,50.5038,37.1399,14.242,8.1375,6.1045,8.1375
20260601,20:00,是,59.175,49.2476,12.042,8.1375,3.9045,8.1375
20260601,21:00,是,31.525,20.3902,11.1348,8.1375,2.9973,8.1375
20260601,22:00,是,32.2417,20.1313,14.4821,8.1375,6.3446,8.1375
20260601,23:00,是,15.2083,8.2538,8.2034,8.1375,0.0659,8.1375
20260602,00:00,是,284.95,270.1578,54.6539,8.1375,46.5164,8.1375
20260602,01:00,是,72.9167,48.185,25.7154,8.1375,17.5779,8.1375
20260602,02:00,是,111.2167,93.6196,20.6803,8.1375,12.5428,8.1375
20260602,03:00,是,149.25,135.5578,24.3951,8.1375,16.2576,8.1375
20260602,04:00,是,56.7667,46.0928,16.9146,8.1375,8.7771,8.1375
20260602,05:00,是,97.2675,89.1998,12.2635,8.1375,4.126,8.1375
20260602,06:00,否,92.4914,78.3929,15.9846,0.0,0.0,15.9846
20260602,07:00,否,366.2254,315.8228,56.345,0.0,0.0,56.345
20260602,08:00,否,261.4542,211.6527,49.8015,0.0,0.0,49.8015
20260602,09:00,否,271.8976,172.4021,99.4955,0.0,0.0,99.4955
20260602,10:00,否,306.1488,223.9041,83.2698,0.0,0.0,83.2698
20260602,11:00,否,243.6446,171.8713,73.0572,0.0,0.0,73.0572
20260602,12:00,否,397.8841,330.9444,68.0338,0.0,0.0,68.0338
20260602,13:00,否,359.7327,283.9084,76.357,0.0,0.0,76.357
20260602,14:00,否,282.048,187.6074,94.4406,0.0,0.0,94.4406
20260602,15:00,否,164.4104,90.1505,74.2599,0.0,0.0,74.2599
20260602,16:00,否,180.4958,95.5607,84.9352,0.0,0.0,84.9352
20260602,17:00,否,238.8647,169.302,72.8592,0.0,0.0,72.8592
20260602,18:00,是,165.3408,137.8719,32.9871,8.1375,24.8496,8.1375
20260602,19:00,是,136.0543,116.3876,23.3428,8.1375,15.2053,8.1375
20260602,20:00,是,76.925,63.2803,21.57,8.1375,13.4325,8.1375
20260602,21:00,是,57.0,42.799,15.4686,8.1375,7.3311,8.1375
20260602,22:00,是,66.5,47.3431,19.975,8.1375,11.8375,8.1375
20260602,23:00,是,59.375,44.262,16.3291,8.1375,8.1916,8.1375
20260603,00:00,是,293.5917,269.802,45.3585,8.1375,37.221,8.1375
20260603,01:00,是,55.3583,44.4635,13.5844,8.1375,5.4469,8.1375
20260603,02:00,是,151.7083,117.9424,36.4715,8.1375,28.334,8.1375
20260603,03:00,是,159.2917,131.8691,33.3346,8.1375,25.1971,8.1375
20260603,04:00,是,135.0833,136.1205,11.0845,8.1375,2.947,8.1375
20260603,05:00,是,67.7496,54.2297,22.0854,8.1375,13.9479,8.1375
20260603,06:00,否,146.3868,123.4821,31.4485,0.0,0.0,31.4485
20260603,07:00,否,219.8009,198.1412,28.4194,0.0,0.0,28.4194
20260603,08:00,否,231.933,176.917,55.4919,0.0,0.0,55.4919
20260603,09:00,否,274.9701,212.7266,63.5557,0.0,0.0,63.5557
20260603,10:00,否,304.7979,202.3788,102.4191,0.0,0.0,102.4191
20260603,11:00,否,304.4306,187.8056,116.625,0.0,0.0,116.625
20260603,12:00,否,340.7229,266.5169,74.206,0.0,0.0,74.206
20260603,13:00,否,378.346,300.6811,77.7114,0.0,0.0,77.7114
20260603,14:00,否,171.6635,81.0953,90.5682,0.0,0.0,90.5682
20260603,15:00,否,160.6823,85.772,74.9102,0.0,0.0,74.9102
20260603,16:00,否,276.0153,217.5617,58.8003,0.0,0.0,58.8003
20260603,17:00,否,232.6762,143.2661,92.5015,0.0,0.0,92.5015
20260603,18:00,是,229.0603,199.0807,36.0927,8.1375,27.9552,8.1375
20260603,19:00,是,189.0797,155.2368,39.7752,8.1375,31.6377,8.1375
20260603,20:00,是,111.975,93.5721,20.7084,8.1375,12.5709,8.1375
20260603,21:00,是,59.675,44.9197,14.7553,8.1375,6.6178,8.1375
20260603,22:00,是,9.2,1.9702,8.475,8.1375,0.3375,8.1375
20260603,23:00,是,79.775,66.4192,19.1889,8.1375,11.0514,8.1375
20260604,00:00,是,207.8583,186.5641,32.6809,8.1375,24.5434,8.1375
20260604,01:00,是,47.7917,43.8076,10.1228,8.1375,1.9853,8.1375
20260604,02:00,是,81.7583,59.2039,24.4313,8.1375,16.2938,8.1375
20260604,03:00,是,184.8917,128.4585,57.9697,8.1375,49.8322,8.1375
20260604,04:00,是,49.1667,74.6926,1.7266,1.7266,0.0,1.7266
20260604,05:00,是,61.5748,42.1129,24.6685,8.1375,16.531,8.1375
20260604,06:00,否,148.2655,123.6865,25.0771,0.0,0.0,25.0771
20260604,07:00,否,297.6558,261.5731,38.9609,0.0,0.0,38.9609
20260604,08:00,否,341.1568,267.1471,75.0435,0.0,0.0,75.0435
20260604,09:00,否,328.6739,244.3943,85.2755,0.0,0.0,85.2755
20260604,10:00,否,270.4992,186.701,84.8882,0.0,0.0,84.8882
20260604,11:00,否,304.1631,208.0473,96.1158,0.0,0.0,96.1158
20260604,12:00,否,328.0062,244.8976,83.1086,0.0,0.0,83.1086
20260604,13:00,否,298.1222,217.3856,80.7365,0.0,0.0,80.7365
20260604,14:00,否,240.4855,162.5239,81.3927,0.0,0.0,81.3927
20260604,15:00,否,242.6333,175.6764,66.957,0.0,0.0,66.957
20260604,16:00,否,235.0149,161.465,73.5499,0.0,0.0,73.5499
20260604,17:00,否,221.0608,145.0502,76.5669,0.0,0.0,76.5669
20260604,18:00,是,144.6212,110.4547,35.4061,8.1375,27.2686,8.1375
20260604,19:00,是,142.3917,111.9378,30.4539,8.1375,22.3164,8.1375
20260604,20:00,是,87.75,70.7892,23.3008,8.1375,15.1633,8.1375
20260604,21:00,是,40.625,25.327,15.298,8.1375,7.1605,8.1375
20260604,22:00,是,38.325,29.6867,10.4477,8.1375,2.3102,8.1375
20260604,23:00,是,50.075,37.5897,12.7087,8.1375,4.5712,8.1375
20260605,00:00,是,225.7417,185.7076,47.5355,8.1375,39.398,8.1375
20260605,01:00,是,47.7,31.4136,19.8193,8.1375,11.6818,8.1375
20260605,02:00,是,122.2,97.0509,27.3864,8.1375,19.2489,8.1375
20260605,03:00,是,93.8583,92.0313,13.2306,8.1375,5.0931,8.1375
20260605,04:00,是,31.025,23.7327,8.9123,8.1375,0.7748,8.1375
20260605,05:00,是,113.7495,87.8434,28.1422,8.1375,20.0047,8.1375
20260605,06:00,否,167.8838,145.9325,29.6376,0.0,0.0,29.6376
20260605,07:00,否,256.3899,217.3943,44.0096,0.0,0.0,44.0096
20260605,08:00,否,323.8516,269.3625,54.4891,0.0,0.0,54.4891
20260605,09:00,否,375.6856,267.2618,108.4238,0.0,0.0,108.4238
20260605,10:00,否,347.6362,252.2026,95.4336,0.0,0.0,95.4336
20260605,11:00,否,370.2584,274.6602,95.5982,0.0,0.0,95.5982
20260605,12:00,否,395.1809,313.2188,81.9621,0.0,0.0,81.9621
20260605,13:00,否,343.963,255.2738,88.6892,0.0,0.0,88.6892
20260605,14:00,否,200.4121,116.73,83.6821,0.0,0.0,83.6821
20260605,15:00,否,140.9688,75.2566,65.7122,0.0,0.0,65.7122
20260605,16:00,否,154.7862,89.3414,65.4449,0.0,0.0,65.4449
20260605,17:00,否,198.799,112.176,86.623,0.0,0.0,86.623
20260605,18:00,是,112.0726,101.6855,16.5284,8.1375,8.3909,8.1375
20260605,19:00,是,71.0983,54.9345,18.7726,8.1375,10.6351,8.1375
20260605,20:00,是,27.85,17.4727,12.9146,8.1375,4.7771,8.1375
20260605,21:00,是,71.4,53.9557,23.691,8.1375,15.5535,8.1375
20260605,22:00,是,92.9,80.6517,19.1464,8.1375,11.0089,8.1375
20260605,23:00,是,83.625,72.459,21.6155,8.1375,13.478,8.1375
20260606,00:00,是,279.4,256.0311,38.5533,8.1375,30.4158,8.1375
20260606,01:00,是,100.7583,71.5736,32.5814,8.1375,24.4439,8.1375
20260606,02:00,是,97.8167,92.1907,16.717,8.1375,8.5795,8.1375
20260606,03:00,是,144.2667,117.3806,36.0292,8.1375,27.8917,8.1375
20260606,04:00,是,84.4833,86.4835,9.2094,8.1375,1.0719,8.1375
20260606,05:00,是,103.1082,86.8874,19.7396,8.1375,11.6021,8.1375
20260606,06:00,否,102.4756,91.3634,18.4228,0.0,0.0,18.4228
20260606,07:00,否,267.0644,233.0107,41.748,0.0,0.0,41.748
20260606,08:00,否,218.517,173.651,45.6178,0.0,0.0,45.6178
20260606,09:00,否,271.9009,197.1738,74.7271,0.0,0.0,74.7271
20260606,10:00,否,194.9697,118.1017,76.868,0.0,0.0,76.868
20260606,11:00,否,275.0532,192.6763,82.3769,0.0,0.0,82.3769
20260606,12:00,否,359.6701,299.2617,65.5656,0.0,0.0,65.5656
20260606,13:00,否,310.3642,223.7146,86.6496,0.0,0.0,86.6496
20260606,14:00,否,114.5647,55.4656,59.099,0.0,0.0,59.099
20260606,15:00,否,236.1884,158.5228,77.6656,0.0,0.0,77.6656
20260606,16:00,否,183.5968,136.7524,49.836,0.0,0.0,49.836
20260606,17:00,否,230.1048,162.4957,67.7158,0.0,0.0,67.7158
20260606,18:00,是,110.9292,89.2614,28.2194,8.1375,20.0819,8.1375
20260606,19:00,是,98.925,82.4614,18.6639,8.1375,10.5264,8.1375
20260606,20:00,是,90.45,74.9114,19.002,8.1375,10.8645,8.1375
20260606,21:00,是,125.25,113.7742,25.2947,8.1375,17.1572,8.1375
20260606,22:00,是,37.9,20.3715,18.1161,8.1375,9.9786,8.1375
20260606,23:00,是,61.0667,49.0295,19.3163,8.1375,11.1788,8.1375
20260607,00:00,是,215.0,201.2061,28.1795,8.1375,20.042,8.1375
20260607,01:00,是,133.2167,80.2469,57.018,8.1375,48.8805,8.1375
20260607,02:00,是,120.15,100.4444,23.4095,8.1375,15.272,8.1375
20260607,03:00,是,81.8,74.0365,19.871,8.1375,11.7335,8.1375
20260607,04:00,是,85.5583,79.2814,15.199,8.1375,7.0615,8.1375
20260607,05:00,是,54.3032,44.9128,13.5566,8.1375,5.4191,8.1375
20260607,06:00,否,141.6356,127.5788,17.5593,0.0,0.0,17.5593
20260607,07:00,否,298.8218,252.453,48.9048,0.0,0.0,48.9048
20260607,08:00,否,302.2578,235.1122,71.1849,0.0,0.0,71.1849
20260607,09:00,否,248.2455,187.5251,60.7204,0.0,0.0,60.7204
20260607,10:00,否,215.0667,140.6859,74.3807,0.0,0.0,74.3807
20260607,11:00,否,246.3128,176.1385,70.1743,0.0,0.0,70.1743
20260607,12:00,否,307.6915,231.6218,77.967,0.0,0.0,77.967
20260607,13:00,否,177.5408,102.0652,75.4756,0.0,0.0,75.4756
20260607,14:00,否,102.4692,34.2706,68.1986,0.0,0.0,68.1986
20260607,15:00,否,98.5465,38.1207,60.4258,0.0,0.0,60.4258
20260607,16:00,否,113.1061,49.635,63.4711,0.0,0.0,63.4711
20260607,17:00,否,186.1632,133.3939,52.7693,0.0,0.0,52.7693
20260607,18:00,是,62.0419,43.8334,18.2085,8.1375,10.071,8.1375
20260607,19:00,是,112.6285,90.9902,27.9301,8.1375,19.7926,8.1375
20260607,20:00,是,102.075,78.7476,25.0201,8.1375,16.8826,8.1375
20260607,21:00,是,67.4,56.7364,14.2698,8.1375,6.1323,8.1375
20260607,22:00,是,37.55,32.3682,13.7875,8.1375,5.65,8.1375
20260607,23:00,是,50.425,24.3221,26.9668,8.1375,18.8293,8.1375
20260608,00:00,是,289.6667,264.3135,50.4925,8.1375,42.355,8.1375
20260608,01:00,是,137.9917,110.128,35.302,8.1375,27.1645,8.1375
20260608,02:00,是,65.2083,56.4549,14.6299,8.1375,6.4924,8.1375
20260608,03:00,是,164.175,127.1783,38.1585,8.1375,30.021,8.1375
20260608,04:00,是,78.525,74.2502,8.7056,8.1375,0.5681,8.1375
20260608,05:00,是,68.9777,65.2595,12.4331,8.1375,4.2956,8.1375
20260608,06:00,否,189.2264,161.1233,34.4338,0.0,0.0,34.4338
20260608,07:00,否,233.4504,205.2617,32.2857,0.0,0.0,32.2857
20260608,08:00,否,241.3844,181.958,62.6522,0.0,0.0,62.6522
20260608,09:00,否,288.0229,216.205,72.7773,0.0,0.0,72.7773
20260608,10:00,否,234.8843,138.1361,96.7482,0.0,0.0,96.7482
20260608,11:00,否,222.2342,141.4634,80.7708,0.0,0.0,80.7708
20260608,12:00,否,375.296,295.2719,80.0241,0.0,0.0,80.0241
20260608,13:00,否,361.2759,289.8377,72.4176,0.0,0.0,72.4176
20260608,14:00,否,183.7483,106.1281,77.6203,0.0,0.0,77.6203
20260608,15:00,否,139.8469,80.4177,59.4292,0.0,0.0,59.4292
20260608,16:00,否,148.7806,80.4074,68.3732,0.0,0.0,68.3732
20260608,17:00,否,160.246,79.5966,84.0268,0.0,0.0,84.0268
20260608,18:00,是,91.795,64.197,28.0498,8.1375,19.9123,8.1375
20260608,19:00,是,159.3167,147.9161,22.1322,8.1375,13.9947,8.1375
20260608,20:00,是,78.875,59.1511,21.989,8.1375,13.8515,8.1375
20260608,21:00,是,44.95,37.7088,10.4711,8.1375,2.3336,8.1375
20260608,22:00,是,14.75,7.469,8.1551,8.1375,0.0176,8.1375
20260608,23:00,是,8.3,0.0,8.3,8.1375,0.1625,8.1375
20260609,00:00,是,216.6833,202.3557,43.6945,8.1375,35.557,8.1375
20260609,01:00,是,107.975,84.156,37.4148,8.1375,29.2773,8.1375
20260609,02:00,是,56.5167,62.6548,9.9764,8.1375,1.8389,8.1375
20260609,03:00,是,126.9583,103.6021,26.5906,8.1375,18.4531,8.1375
20260609,04:00,是,17.7667,16.2164,3.7085,3.7085,0.0,3.7085
20260609,05:00,是,91.0611,74.6729,24.0003,8.1375,15.8628,8.1375
20260609,06:00,否,180.1855,145.7963,34.7876,0.0,0.0,34.7876
20260609,07:00,否,272.8909,242.6817,40.7918,0.0,0.0,40.7918
20260609,08:00,否,314.615,269.5499,45.0651,0.0,0.0,45.0651
20260609,09:00,否,271.1446,200.7479,70.3967,0.0,0.0,70.3967
20260609,10:00,否,286.7124,216.5967,76.0205,0.0,0.0,76.0205
20260609,11:00,否,233.6437,161.3491,77.2689,0.0,0.0,77.2689
20260609,12:00,否,321.6123,254.1161,69.1425,0.0,0.0,69.1425
20260609,13:00,否,375.2236,292.0083,83.7629,0.0,0.0,83.7629
20260609,14:00,否,242.6369,150.0631,92.5738,0.0,0.0,92.5738
20260609,15:00,否,172.8302,110.5059,62.3244,0.0,0.0,62.3244
20260609,16:00,否,130.2194,80.6246,49.5949,0.0,0.0,49.5949
20260609,17:00,否,161.3213,97.9642,64.8168,0.0,0.0,64.8168
20260609,18:00,是,46.3757,31.331,18.8874,8.1375,10.7499,8.1375
20260609,19:00,是,18.85,15.8975,6.6371,6.6371,0.0,6.6371
20260609,20:00,是,89.225,76.1348,14.6453,8.1375,6.5078,8.1375
20260609,21:00,是,77.65,70.6116,13.8581,8.1375,5.7206,8.1375
20260609,22:00,是,66.05,54.6085,12.2881,8.1375,4.1506,8.1375
20260609,23:00,是,79.7,36.9728,44.3902,8.1375,36.2527,8.1375
20260610,00:00,是,214.925,169.7835,54.5436,8.1375,46.4061,8.1375
20260610,01:00,是,145.9333,153.3838,24.6605,8.1375,16.523,8.1375
20260610,02:00,是,65.6417,36.0723,30.6541,8.1375,22.5166,8.1375
20260610,03:00,是,186.4667,175.9464,25.4473,8.1375,17.3098,8.1375
20260610,04:00,是,124.7333,126.3156,17.3477,8.1375,9.2102,8.1375
20260610,05:00,是,104.7646,90.9628,18.9729,8.1375,10.8354,8.1375
20260610,06:00,否,178.9842,160.669,19.7914,0.0,0.0,19.7914
20260610,07:00,否,251.4654,223.1635,33.8741,0.0,0.0,33.8741
20260610,08:00,否,313.4032,253.4551,63.176,0.0,0.0,63.176
20260610,09:00,否,195.9347,157.9113,41.7015,0.0,0.0,41.7015
20260610,10:00,否,190.2871,117.1783,73.1088,0.0,0.0,73.1088
20260610,11:00,否,236.9628,151.1701,85.7928,0.0,0.0,85.7928
20260610,12:00,否,275.0132,221.3585,53.6547,0.0,0.0,53.6547
20260610,13:00,否,372.2095,288.2274,83.9821,0.0,0.0,83.9821
20260610,14:00,否,223.8854,159.5106,64.3748,0.0,0.0,64.3748
20260610,15:00,否,188.7012,126.8752,63.1573,0.0,0.0,63.1573
20260610,16:00,否,148.5367,95.4372,56.8336,0.0,0.0,56.8336
20260610,17:00,否,207.7307,146.3257,61.4049,0.0,0.0,61.4049
20260610,18:00,是,91.4918,70.1217,22.8307,8.1375,14.6932,8.1375
20260610,19:00,是,101.15,86.405,20.7755,8.1375,12.638,8.1375
20260610,20:00,是,50.65,43.6259,14.6896,8.1375,6.5521,8.1375
20260610,21:00,是,102.475,83.1274,23.9884,8.1375,15.8509,8.1375
20260610,22:00,是,28.35,22.5,10.2079,8.1375,2.0704,8.1375
20260610,23:00,是,26.5,18.6176,8.5016,8.1375,0.3641,8.1375
20260611,00:00,是,271.9333,240.5031,57.7717,8.1375,49.6342,8.1375
20260611,01:00,是,82.5667,84.9573,6.1548,6.1548,0.0,6.1548
20260611,02:00,是,57.025,49.6862,9.8094,8.1375,1.6719,8.1375
20260611,03:00,是,177.0167,133.3583,44.7434,8.1375,36.6059,8.1375
20260611,04:00,是,78.75,87.7445,2.9186,2.9186,0.0,2.9186
20260611,05:00,是,59.5214,48.938,15.5528,8.1375,7.4153,8.1375
20260611,06:00,否,99.7908,82.8769,21.4428,0.0,0.0,21.4428
20260611,07:00,否,233.4877,197.6513,36.1094,0.0,0.0,36.1094
20260611,08:00,否,249.564,195.1087,56.9199,0.0,0.0,56.9199
20260611,09:00,否,317.6562,234.4571,83.1992,0.0,0.0,83.1992
20260611,10:00,否,221.6556,152.288,69.3675,0.0,0.0,69.3675
20260611,11:00,否,213.9881,132.1207,81.8674,0.0,0.0,81.8674
20260611,12:00,否,291.1001,224.113,67.5292,0.0,0.0,67.5292
20260611,13:00,否,314.4407,255.4782,62.2573,0.0,0.0,62.2573
20260611,14:00,否,197.3106,130.7683,66.5423,0.0,0.0,66.5423
20260611,15:00,否,163.7326,102.7262,61.2549,0.0,0.0,61.2549
20260611,16:00,否,272.0761,189.5891,88.0612,0.0,0.0,88.0612
20260611,17:00,否,248.655,194.7572,56.3788,0.0,0.0,56.3788
20260611,18:00,是,107.4087,84.3963,26.5764,8.1375,18.4389,8.1375
20260611,19:00,是,177.4332,146.5096,37.4841,8.1375,29.3466,8.1375
20260611,20:00,是,142.775,93.2333,49.5417,8.1375,41.4042,8.1375
20260611,21:00,是,76.925,58.3216,19.2637,8.1375,11.1262,8.1375
20260611,22:00,是,9.525,4.5915,5.65,5.65,0.0,5.65
20260611,23:00,是,12.525,9.7773,7.7894,7.7894,0.0,7.7894
20260612,00:00,是,229.8083,207.592,36.777,8.1375,28.6395,8.1375
20260612,01:00,是,109.325,92.9705,25.43,8.1375,17.2925,8.1375
20260612,02:00,是,42.325,36.8395,11.2932,8.1375,3.1557,8.1375
20260612,03:00,是,96.2083,48.6559,49.6754,8.1375,41.5379,8.1375
20260612,04:00,是,41.25,63.5116,1.7976,1.7976,0.0,1.7976
20260612,05:00,是,61.5488,48.8728,19.2872,8.1375,11.1497,8.1375
20260612,06:00,否,121.3176,111.1013,17.7956,0.0,0.0,17.7956
20260612,07:00,否,281.4501,237.5097,48.0109,0.0,0.0,48.0109
20260612,08:00,否,295.6422,245.6553,51.0071,0.0,0.0,51.0071
20260612,09:00,否,312.5387,238.4255,74.1132,0.0,0.0,74.1132
20260612,10:00,否,272.606,179.4228,93.2422,0.0,0.0,93.2422
20260612,11:00,否,384.4531,263.5495,120.9036,0.0,0.0,120.9036
20260612,12:00,否,393.3017,337.4407,59.828,0.0,0.0,59.828
20260612,13:00,否,348.7734,274.0761,74.6973,0.0,0.0,74.6973
20260612,14:00,否,121.4833,32.8763,88.607,0.0,0.0,88.607
20260612,15:00,否,131.1407,68.4856,62.6551,0.0,0.0,62.6551
20260612,16:00,否,190.9901,126.0302,64.9599,0.0,0.0,64.9599
20260612,17:00,否,159.3344,81.6274,77.707,0.0,0.0,77.707
20260612,18:00,是,102.8692,92.3871,16.2562,8.1375,8.1187,8.1375
20260612,19:00,是,166.9659,141.5044,30.979,8.1375,22.8415,8.1375
20260612,20:00,是,115.1667,101.8109,23.3857,8.1375,15.2482,8.1375
20260612,21:00,是,73.45,56.5999,16.8501,8.1375,8.7126,8.1375
20260612,22:00,是,12.425,3.9184,8.5668,8.1375,0.4293,8.1375
20260612,23:00,是,41.1,40.4471,8.4499,8.1375,0.3124,8.1375
20260613,00:00,是,376.1167,331.1766,55.7804,8.1375,47.6429,8.1375
20260613,01:00,是,132.175,124.4042,17.1614,8.1375,9.0239,8.1375
20260613,02:00,是,64.5583,58.2651,8.5134,8.1375,0.3759,8.1375
20260613,03:00,是,90.025,71.437,21.5995,8.1375,13.462,8.1375
20260613,04:00,是,176.85,148.3217,34.9226,8.1375,26.7851,8.1375
20260613,05:00,是,143.5662,135.9145,16.4986,8.1375,8.3611,8.1375
20260613,06:00,否,180.4228,154.916,28.1711,0.0,0.0,28.1711
20260613,07:00,否,225.5624,196.4051,39.2675,0.0,0.0,39.2675
20260613,08:00,否,233.6512,182.2548,52.9111,0.0,0.0,52.9111
20260613,09:00,否,339.0511,247.394,91.6571,0.0,0.0,91.6571
20260613,10:00,否,198.3455,131.1248,67.2207,0.0,0.0,67.2207
20260613,11:00,否,259.3022,191.1353,68.1668,0.0,0.0,68.1668
20260613,12:00,否,336.8046,266.8764,72.3684,0.0,0.0,72.3684
20260613,13:00,否,331.2108,257.877,74.1876,0.0,0.0,74.1876
20260613,14:00,否,260.6672,185.9087,75.9484,0.0,0.0,75.9484
20260613,15:00,否,186.4291,132.3675,60.0717,0.0,0.0,60.0717
20260613,16:00,否,246.6251,181.4221,66.6736,0.0,0.0,66.6736
20260613,17:00,否,213.3181,135.3213,77.9968,0.0,0.0,77.9968
20260613,18:00,是,84.1149,77.6596,12.2021,8.1375,4.0646,8.1375
20260613,19:00,是,79.4,64.926,15.388,8.1375,7.2505,8.1375
20260613,20:00,是,86.45,73.0493,17.1015,8.1375,8.964,8.1375
20260613,21:00,是,45.7,35.3377,11.1898,8.1375,3.0523,8.1375
20260613,22:00,是,42.075,32.9711,14.1948,8.1375,6.0573,8.1375
20260613,23:00,是,52.65,38.0077,16.9886,8.1375,8.8511,8.1375
20260614,00:00,是,277.7333,264.0491,30.9096,8.1375,22.7721,8.1375
20260614,01:00,是,94.9583,87.8275,13.5344,8.1375,5.3969,8.1375
20260614,02:00,是,107.7083,65.3821,43.182,8.1375,35.0445,8.1375
20260614,03:00,是,151.55,152.3451,7.9258,7.9258,0.0,7.9258
20260614,04:00,是,58.4917,63.6522,8.2385,8.1375,0.101,8.1375
20260614,05:00,是,47.5801,33.8608,16.9562,8.1375,8.8187,8.1375
20260614,06:00,否,111.8863,99.2161,17.9942,0.0,0.0,17.9942
20260614,07:00,否,317.4401,273.1076,44.3325,0.0,0.0,44.3325
20260614,08:00,否,251.1045,197.3618,56.7246,0.0,0.0,56.7246
20260614,09:00,否,182.2418,104.635,77.6068,0.0,0.0,77.6068
20260614,10:00,否,142.5216,71.1899,71.3317,0.0,0.0,71.3317
20260614,11:00,否,300.3658,194.85,105.5159,0.0,0.0,105.5159
20260614,12:00,否,408.8942,345.9243,65.6323,0.0,0.0,65.6323
20260614,13:00,否,297.8402,235.9239,68.841,0.0,0.0,68.841
20260614,14:00,否,223.1648,149.8167,73.3482,0.0,0.0,73.3482
20260614,15:00,否,108.3573,47.3004,61.0569,0.0,0.0,61.0569
20260614,16:00,否,173.7016,121.4691,52.2325,0.0,0.0,52.2325
20260614,17:00,否,170.5224,111.5324,58.99,0.0,0.0,58.99
20260614,18:00,是,148.7462,131.5916,25.245,8.1375,17.1075,8.1375
20260614,19:00,是,70.475,60.1761,17.6239,8.1375,9.4864,8.1375
20260614,20:00,是,122.55,112.3919,21.2401,8.1375,13.1026,8.1375
20260614,21:00,是,54.075,42.942,14.2763,8.1375,6.1388,8.1375
20260614,22:00,是,23.675,16.6806,8.2328,8.1375,0.0953,8.1375
20260614,23:00,是,40.025,29.176,10.849,8.1375,2.7115,8.1375
20260615,00:00,是,202.7583,175.8911,34.3808,8.1375,26.2433,8.1375
20260615,01:00,是,24.4333,19.0829,5.9743,5.9743,0.0,5.9743
20260615,02:00,是,86.25,61.1032,33.0823,8.1375,24.9448,8.1375
20260615,03:00,是,141.9417,141.1291,18.8187,8.1375,10.6812,8.1375
20260615,04:00,是,30.575,22.4597,9.9757,8.1375,1.8382,8.1375
20260615,05:00,是,30.4282,25.8814,10.2935,8.1375,2.156,8.1375
20260615,06:00,否,162.199,133.2767,28.9223,0.0,0.0,28.9223
20260615,07:00,否,269.084,234.856,44.336,0.0,0.0,44.336
20260615,08:00,否,247.4925,188.028,59.4645,0.0,0.0,59.4645
20260615,09:00,否,323.3985,255.849,75.4922,0.0,0.0,75.4922
20260615,10:00,否,188.723,115.2133,75.2976,0.0,0.0,75.2976
20260615,11:00,否,189.4472,120.4211,69.0261,0.0,0.0,69.0261
20260615,12:00,否,402.5914,321.398,81.1934,0.0,0.0,81.1934
20260615,13:00,否,320.3187,254.3028,66.016,0.0,0.0,66.016
20260615,14:00,否,198.4598,134.1872,64.2726,0.0,0.0,64.2726
20260615,15:00,否,112.6825,53.9658,60.3758,0.0,0.0,60.3758
20260615,16:00,否,152.7647,98.0975,54.6672,0.0,0.0,54.6672
20260615,17:00,否,195.0001,125.6828,69.7827,0.0,0.0,69.7827
20260615,18:00,是,116.9551,92.3616,31.4131,8.1375,23.2756,8.1375
20260615,19:00,是,162.2,131.5314,44.715,8.1375,36.5775,8.1375
20260615,20:00,是,67.575,58.2254,11.8473,8.1375,3.7098,8.1375
20260615,21:00,是,67.375,60.8869,9.5564,8.1375,1.4189,8.1375
20260615,22:00,是,38.35,27.69,17.6632,8.1375,9.5257,8.1375
20260615,23:00,是,56.9,43.814,15.3811,8.1375,7.2436,8.1375
20260616,00:00,是,204.2333,188.7302,30.5926,8.1375,22.4551,8.1375
20260616,01:00,是,96.8917,86.4258,15.4657,8.1375,7.3282,8.1375
20260616,02:00,是,120.7583,99.2211,30.0678,8.1375,21.9303,8.1375
20260616,03:00,是,78.2833,60.7644,21.3048,8.1375,13.1673,8.1375
20260616,04:00,是,37.9167,35.553,8.0185,8.0185,0.0,8.0185
20260616,05:00,是,88.2779,77.5947,18.3508,8.1375,10.2133,8.1375
20260616,06:00,否,224.8033,204.7716,27.732,0.0,0.0,27.732
20260616,07:00,否,210.8815,184.9075,35.4978,0.0,0.0,35.4978
20260616,08:00,否,296.0301,226.6237,69.4064,0.0,0.0,69.4064
20260616,09:00,否,267.5753,194.3734,73.9785,0.0,0.0,73.9785
20260616,10:00,否,152.3745,75.5591,76.8154,0.0,0.0,76.8154
20260616,11:00,否,320.5756,233.5039,87.0717,0.0,0.0,87.0717
20260616,12:00,否,339.2892,281.3397,60.923,0.0,0.0,60.923
20260616,13:00,否,289.9297,225.5551,66.5485,0.0,0.0,66.5485
20260616,14:00,否,126.4896,69.1827,57.3069,0.0,0.0,57.3069
20260616,15:00,否,130.2897,74.4839,55.8057,0.0,0.0,55.8057
20260616,16:00,否,181.0386,117.543,63.4956,0.0,0.0,63.4956
20260616,17:00,否,239.8395,165.2347,74.6048,0.0,0.0,74.6048
20260616,18:00,是,117.8713,87.7688,31.9256,8.1375,23.7881,8.1375
20260616,19:00,是,116.7523,85.3237,36.35,8.1375,28.2125,8.1375
20260616,20:00,是,38.975,27.3615,12.4342,8.1375,4.2967,8.1375
20260616,21:00,是,23.35,16.0695,8.3916,8.1375,0.2541,8.1375
20260616,22:00,是,11.4583,5.906,9.6179,8.1375,1.4804,8.1375
20260616,23:00,是,6.85,0.0,6.85,6.85,0.0,6.85
20260617,00:00,是,321.9833,290.4354,66.8127,8.1375,58.6752,8.1375
20260617,01:00,是,108.1667,91.4943,22.7793,8.1375,14.6418,8.1375
20260617,02:00,是,35.1917,35.1407,5.4734,5.4734,0.0,5.4734
20260617,03:00,是,80.525,57.7731,26.3133,8.1375,18.1758,8.1375
20260617,04:00,是,84.85,86.1938,15.1659,8.1375,7.0284,8.1375
20260617,05:00,是,15.9,10.3717,6.1086,6.1086,0.0,6.1086
20260617,06:00,否,78.0446,60.024,21.4734,0.0,0.0,21.4734
20260617,07:00,否,301.9837,268.2637,45.7464,0.0,0.0,45.7464
20260617,08:00,否,269.8717,223.992,50.0772,0.0,0.0,50.0772
20260617,09:00,否,312.0327,241.6289,70.4038,0.0,0.0,70.4038
20260617,10:00,否,198.1619,105.1874,97.227,0.0,0.0,97.227
20260617,11:00,否,312.3302,212.3276,100.0027,0.0,0.0,100.0027
20260617,12:00,否,309.4174,247.1299,62.2875,0.0,0.0,62.2875
20260617,13:00,否,304.0644,234.7036,72.1441,0.0,0.0,72.1441
20260617,14:00,否,169.2619,112.8557,56.7546,0.0,0.0,56.7546
20260617,15:00,否,151.3448,93.8852,57.4595,0.0,0.0,57.4595
20260617,16:00,否,93.2525,48.349,44.9035,0.0,0.0,44.9035
20260617,17:00,否,225.6687,149.264,76.4048,0.0,0.0,76.4048
20260617,18:00,是,136.0241,111.0233,28.5587,8.1375,20.4212,8.1375
20260617,19:00,是,130.8728,106.4055,30.0925,8.1375,21.955,8.1375
20260617,20:00,是,157.825,133.4461,30.6797,8.1375,22.5422,8.1375
20260617,21:00,是,115.75,99.1152,18.4995,8.1375,10.362,8.1375
20260617,22:00,是,9.025,4.5766,4.5281,4.5281,0.0,4.5281
20260617,23:00,是,32.55,21.2233,13.5971,8.1375,5.4596,8.1375
20260618,00:00,是,334.4083,306.2727,45.5482,8.1375,37.4107,8.1375
20260618,01:00,是,153.5333,131.5121,32.2074,8.1375,24.0699,8.1375
20260618,02:00,是,195.3917,204.611,13.3838,8.1375,5.2463,8.1375
20260618,03:00,是,113.0333,93.0845,20.8104,8.1375,12.6729,8.1375
20260618,04:00,是,78.8917,67.4902,14.1102,8.1375,5.9727,8.1375
20260618,05:00,是,39.8188,34.0889,11.6612,8.1375,3.5237,8.1375
20260618,06:00,否,110.6155,95.8346,21.4341,0.0,0.0,21.4341
20260618,07:00,否,239.3247,203.6433,37.3273,0.0,0.0,37.3273
20260618,08:00,否,250.6365,202.8371,48.4703,0.0,0.0,48.4703
20260618,09:00,否,288.1988,216.0708,72.128,0.0,0.0,72.128
20260618,10:00,否,289.2063,201.3347,88.1976,0.0,0.0,88.1976
20260618,11:00,否,316.4021,258.7825,58.4165,0.0,0.0,58.4165
20260618,12:00,否,260.8383,202.2583,62.1315,0.0,0.0,62.1315
20260618,13:00,否,228.9552,173.4201,57.2646,0.0,0.0,57.2646
20260618,14:00,否,205.8137,132.2042,75.2221,0.0,0.0,75.2221
20260618,15:00,否,146.1455,86.4643,59.6812,0.0,0.0,59.6812
20260618,16:00,否,163.5476,115.7809,47.7667,0.0,0.0,47.7667
20260618,17:00,否,219.8017,155.627,66.8926,0.0,0.0,66.8926
20260618,18:00,是,102.775,71.9183,34.1251,8.1375,25.9876,8.1375
20260618,19:00,是,187.375,175.1375,33.0125,8.1375,24.875,8.1375
20260618,20:00,是,110.4,91.859,20.9546,8.1375,12.8171,8.1375
20260618,21:00,是,27.425,21.7535,7.5004,7.5004,0.0,7.5004
20260618,22:00,是,93.125,73.238,19.9715,8.1375,11.834,8.1375
20260618,23:00,是,48.525,48.0418,7.2667,7.2667,0.0,7.2667
20260619,00:00,是,240.6167,222.5169,36.9802,8.1375,28.8427,8.1375
20260619,01:00,是,18.2917,18.4641,6.2398,6.2398,0.0,6.2398
20260619,02:00,是,102.125,82.7228,24.0524,8.1375,15.9149,8.1375
20260619,03:00,是,100.1917,76.0679,25.7971,8.1375,17.6596,8.1375
20260619,04:00,是,65.2333,62.8982,10.6289,8.1375,2.4914,8.1375
20260619,05:00,是,64.1774,63.4999,13.9854,8.1375,5.8479,8.1375
20260619,06:00,否,209.1316,161.7733,50.3388,0.0,0.0,50.3388
20260619,07:00,否,202.9022,215.2695,8.0643,0.0,0.0,8.0643
20260619,08:00,否,214.1216,200.1182,27.2807,0.0,0.0,27.2807
20260619,09:00,否,54.8427,40.4057,31.1228,0.0,0.0,31.1228
20260619,10:00,否,110.6989,88.2625,29.6094,0.0,0.0,29.6094
20260619,11:00,否,195.0063,131.2562,66.4912,0.0,0.0,66.4912
20260619,12:00,否,343.8687,291.7861,63.3896,0.0,0.0,63.3896
20260619,13:00,否,305.5628,248.5111,57.0517,0.0,0.0,57.0517
20260619,14:00,否,92.4409,76.478,19.6596,0.0,0.0,19.6596
20260619,15:00,否,40.3,26.5807,13.875,0.0,0.0,13.875
20260619,16:00,否,105.332,86.4279,22.1655,0.0,0.0,22.1655
20260619,17:00,否,124.5686,88.0942,40.0463,0.0,0.0,40.0463
20260619,18:00,是,19.3485,5.7256,13.6229,8.1375,5.4854,8.1375
20260619,19:00,是,35.3942,23.9109,11.4834,8.1375,3.3459,8.1375
20260619,20:00,是,84.575,67.1734,18.8049,8.1375,10.6674,8.1375
20260619,21:00,是,18.175,12.345,9.3528,8.1375,1.2153,8.1375
20260619,22:00,是,25.6667,15.3598,12.6783,8.1375,4.5408,8.1375
20260619,23:00,是,64.3417,51.12,15.1219,8.1375,6.9844,8.1375
20260620,00:00,是,314.425,289.2094,46.792,8.1375,38.6545,8.1375
20260620,01:00,是,117.5833,96.4615,26.6276,8.1375,18.4901,8.1375
20260620,02:00,是,115.125,109.1905,14.8333,8.1375,6.6958,8.1375
20260620,03:00,是,67.95,75.8932,1.5021,1.5021,0.0,1.5021
20260620,04:00,是,58.2,43.3343,15.1307,8.1375,6.9932,8.1375
20260620,05:00,是,50.8134,42.183,13.5604,8.1375,5.4229,8.1375
20260620,06:00,否,66.3822,58.6997,11.6731,0.0,0.0,11.6731
20260620,07:00,否,293.3976,234.2063,60.2902,0.0,0.0,60.2902
20260620,08:00,否,224.9532,182.8521,49.3138,0.0,0.0,49.3138
20260620,09:00,否,297.0474,186.7515,114.2964,0.0,0.0,114.2964
20260620,10:00,否,242.0102,169.1506,75.8043,0.0,0.0,75.8043
20260620,11:00,否,262.5911,179.4712,83.1199,0.0,0.0,83.1199
20260620,12:00,否,300.1996,221.6932,82.0272,0.0,0.0,82.0272
20260620,13:00,否,339.3773,254.0058,87.8311,0.0,0.0,87.8311
20260620,14:00,否,180.088,124.7926,57.2006,0.0,0.0,57.2006
20260620,15:00,否,123.7502,60.0007,63.7496,0.0,0.0,63.7496
20260620,16:00,否,185.8832,107.4041,78.4791,0.0,0.0,78.4791
20260620,17:00,否,135.3148,66.6917,69.1979,0.0,0.0,69.1979
20260620,18:00,是,116.6428,83.5415,34.0589,8.1375,25.9214,8.1375
20260620,19:00,是,79.6644,53.218,30.5723,8.1375,22.4348,8.1375
20260620,20:00,是,31.5,19.3951,15.7655,8.1375,7.628,8.1375
20260620,21:00,是,74.0583,57.4567,18.8308,8.1375,10.6933,8.1375
20260620,22:00,是,52.25,41.5922,11.5698,8.1375,3.4323,8.1375
20260620,23:00,是,9.8167,0.0,9.8167,8.1375,1.6792,8.1375
20260621,00:00,是,249.7,224.9897,46.508,8.1375,38.3705,8.1375
20260621,01:00,是,100.9167,87.1723,21.2287,8.1375,13.0912,8.1375
20260621,02:00,是,107.325,75.4163,32.1303,8.1375,23.9928,8.1375
20260621,03:00,是,190.8417,166.5471,44.6335,8.1375,36.496,8.1375
20260621,04:00,是,94.9667,92.7578,12.1017,8.1375,3.9642,8.1375
20260621,05:00,是,41.9953,24.4817,17.5137,8.1375,9.3762,8.1375
20260621,06:00,否,138.1988,107.51,34.0001,0.0,0.0,34.0001
20260621,07:00,否,284.9719,249.278,42.6848,0.0,0.0,42.6848
20260621,08:00,否,154.4147,102.5873,51.8275,0.0,0.0,51.8275
20260621,09:00,否,243.6265,146.2577,97.3688,0.0,0.0,97.3688
20260621,10:00,否,289.109,202.6998,89.5472,0.0,0.0,89.5472
20260621,11:00,否,286.447,192.2305,95.2721,0.0,0.0,95.2721
20260621,12:00,否,365.4979,276.9244,95.8013,0.0,0.0,95.8013
20260621,13:00,否,269.5507,198.6438,71.8094,0.0,0.0,71.8094
20260621,14:00,否,170.6502,102.6394,68.0109,0.0,0.0,68.0109
20260621,15:00,否,222.7263,143.766,78.9603,0.0,0.0,78.9603
20260621,16:00,否,315.3433,237.7885,79.4855,0.0,0.0,79.4855
20260621,17:00,否,358.3625,260.4851,97.8774,0.0,0.0,97.8774
20260621,18:00,是,203.6705,151.7627,56.1653,8.1375,48.0278,8.1375
20260621,19:00,是,144.3101,111.5638,35.7497,8.1375,27.6122,8.1375
20260621,20:00,是,80.525,54.2846,27.125,8.1375,18.9875,8.1375
20260621,21:00,是,31.325,21.1309,11.8621,8.1375,3.7246,8.1375
20260621,22:00,是,91.825,76.9588,23.0096,8.1375,14.8721,8.1375
20260621,23:00,是,19.975,7.6561,12.8333,8.1375,4.6958,8.1375
20260622,00:00,是,155.3917,139.2405,32.7573,8.1375,24.6198,8.1375
20260622,01:00,是,91.5417,69.814,21.7277,8.1375,13.5902,8.1375
20260622,02:00,是,56.525,42.0615,14.4635,8.1375,6.326,8.1375
20260622,03:00,是,95.275,65.1032,30.659,8.1375,22.5215,8.1375
20260622,04:00,是,73.1917,67.9968,14.3028,8.1375,6.1653,8.1375
20260622,05:00,是,17.8612,7.26,10.6012,8.1375,2.4637,8.1375
20260622,06:00,否,73.4017,60.5899,16.7739,0.0,0.0,16.7739
20260622,07:00,否,293.4008,246.7769,50.0103,0.0,0.0,50.0103
20260622,08:00,否,358.7011,303.8986,57.4956,0.0,0.0,57.4956
20260622,09:00,否,220.7244,143.8989,76.8255,0.0,0.0,76.8255
20260622,10:00,否,287.0371,202.8863,84.1507,0.0,0.0,84.1507
20260622,11:00,否,267.3844,169.644,97.7404,0.0,0.0,97.7404
20260622,12:00,否,394.1898,328.3171,65.8726,0.0,0.0,65.8726
20260622,13:00,否,289.3839,202.4045,86.9794,0.0,0.0,86.9794
20260622,14:00,否,195.2228,129.0612,70.4281,0.0,0.0,70.4281
20260622,15:00,否,187.0601,119.0827,67.9773,0.0,0.0,67.9773
20260622,16:00,否,189.4546,116.6315,72.8231,0.0,0.0,72.8231
20260622,17:00,否,230.3344,131.8254,100.0263,0.0,0.0,100.0263
20260622,18:00,是,178.5159,134.2711,45.4136,8.1375,37.2761,8.1375
20260622,19:00,是,98.2922,74.4743,28.8239,8.1375,20.6864,8.1375
20260622,20:00,是,68.9333,45.7641,23.1708,8.1375,15.0333,8.1375
20260622,21:00,是,39.5417,28.4385,12.7735,8.1375,4.636,8.1375
20260622,22:00,是,64.6,46.5867,20.0403,8.1375,11.9028,8.1375
20260622,23:00,是,18.15,0.0121,18.1379,8.1375,10.0004,8.1375
20260623,00:00,是,282.5833,249.7063,56.1663,8.1375,48.0288,8.1375
20260623,01:00,是,125.825,103.1095,26.975,8.1375,18.8375,8.1375
20260623,02:00,是,143.7167,121.9878,26.6687,8.1375,18.5312,8.1375
20260623,03:00,是,74.175,61.0526,23.2178,8.1375,15.0803,8.1375
20260623,04:00,是,31.0167,25.8204,8.3437,8.1375,0.2062,8.1375
20260623,05:00,是,18.9762,14.796,7.5103,7.5103,0.0,7.5103
20260623,06:00,否,168.3448,133.0374,36.1654,0.0,0.0,36.1654
20260623,07:00,否,373.7327,331.5433,47.754,0.0,0.0,47.754
20260623,08:00,否,231.8287,164.2519,67.5768,0.0,0.0,67.5768
20260623,09:00,否,324.6026,233.3592,92.0851,0.0,0.0,92.0851
20260623,10:00,否,175.4415,88.6829,86.7586,0.0,0.0,86.7586
20260623,11:00,否,301.1358,190.1363,110.9995,0.0,0.0,110.9995
20260623,12:00,否,387.2388,289.43,99.2697,0.0,0.0,99.2697
20260623,13:00,否,376.2244,267.0252,109.1992,0.0,0.0,109.1992
20260623,14:00,否,215.5185,139.7071,75.8114,0.0,0.0,75.8114
20260623,15:00,否,158.3047,79.5844,78.7202,0.0,0.0,78.7202
20260623,16:00,否,215.2438,136.1666,79.2184,0.0,0.0,79.2184
20260623,17:00,否,273.7126,185.4431,88.2695,0.0,0.0,88.2695
20260623,18:00,是,140.8724,116.2235,26.9015,8.1375,18.764,8.1375
20260623,19:00,是,111.9072,90.3646,27.8841,8.1375,19.7466,8.1375
20260623,20:00,是,76.975,55.4981,27.2226,8.1375,19.0851,8.1375
20260623,21:00,是,56.55,49.1286,16.5347,8.1375,8.3972,8.1375
20260623,22:00,是,151.225,117.249,33.976,8.1375,25.8385,8.1375
20260623,23:00,是,107.4,103.8937,17.3339,8.1375,9.1964,8.1375
20260624,00:00,是,270.35,247.442,45.2361,8.1375,37.0986,8.1375
20260624,01:00,是,84.25,63.1083,22.9256,8.1375,14.7881,8.1375
20260624,02:00,是,31.2167,23.6692,10.0687,8.1375,1.9312,8.1375
20260624,03:00,是,107.0583,72.5178,37.6638,8.1375,29.5263,8.1375
20260624,04:00,是,25.9917,28.3172,2.9387,2.9387,0.0,2.9387
20260624,05:00,是,34.5561,24.695,12.2683,8.1375,4.1308,8.1375
20260624,06:00,否,181.9025,156.6738,35.1113,0.0,0.0,35.1113
20260624,07:00,否,226.676,191.321,37.6028,0.0,0.0,37.6028
20260624,08:00,否,272.97,204.0435,69.161,0.0,0.0,69.161
20260624,09:00,否,277.8013,197.4868,82.2292,0.0,0.0,82.2292
20260624,10:00,否,208.8808,109.7725,99.1083,0.0,0.0,99.1083
20260624,11:00,否,296.6137,214.5643,85.9673,0.0,0.0,85.9673
20260624,12:00,否,363.4503,271.8196,95.9241,0.0,0.0,95.9241
20260624,13:00,否,327.8509,243.864,85.0512,0.0,0.0,85.0512
20260624,14:00,否,158.5524,72.5056,86.0468,0.0,0.0,86.0468
20260624,15:00,否,184.9837,110.5537,74.43,0.0,0.0,74.43
20260624,16:00,否,246.6524,162.0699,84.5825,0.0,0.0,84.5825
20260624,17:00,否,209.2507,118.6694,90.7213,0.0,0.0,90.7213
20260624,18:00,是,62.0093,24.2219,37.7875,8.1375,29.65,8.1375
20260624,19:00,是,160.2973,121.8623,42.0964,8.1375,33.9589,8.1375
20260624,20:00,是,62.2167,48.8445,17.6547,8.1375,9.5172,8.1375
20260624,21:00,是,39.2167,25.0413,14.1753,8.1375,6.0378,8.1375
20260624,22:00,是,54.375,40.3104,16.9877,8.1375,8.8502,8.1375
20260624,23:00,是,60.225,41.8853,19.1647,8.1375,11.0272,8.1375
20260625,00:00,是,304.7917,271.5782,45.0892,8.1375,36.9517,8.1375
20260625,01:00,是,56.5083,47.7024,11.0315,8.1375,2.894,8.1375
20260625,02:00,是,175.8917,117.97,58.8363,8.1375,50.6988,8.1375
20260625,03:00,是,196.2583,197.8836,11.329,8.1375,3.1915,8.1375
20260625,04:00,是,100.1167,88.7981,19.767,8.1375,11.6295,8.1375
20260625,05:00,是,31.5606,18.7493,14.3311,8.1375,6.1936,8.1375
20260625,06:00,否,214.6238,184.3487,36.2802,0.0,0.0,36.2802
20260625,07:00,否,281.8212,230.6391,61.4549,0.0,0.0,61.4549
20260625,08:00,否,321.7133,261.476,66.4863,0.0,0.0,66.4863
20260625,09:00,否,344.2497,274.2709,75.6,0.0,0.0,75.6
20260625,10:00,否,352.5294,254.5473,97.9822,0.0,0.0,97.9822
20260625,11:00,否,324.9662,232.5509,92.4153,0.0,0.0,92.4153
20260625,12:00,否,407.6935,303.9555,103.738,0.0,0.0,103.738
20260625,13:00,否,329.7944,246.2368,83.9481,0.0,0.0,83.9481
20260625,14:00,否,134.7207,69.1648,65.5559,0.0,0.0,65.5559
20260625,15:00,否,172.3458,99.5688,72.7787,0.0,0.0,72.7787
20260625,16:00,否,169.544,88.4369,81.3901,0.0,0.0,81.3901
20260625,17:00,否,139.9384,54.5308,85.4076,0.0,0.0,85.4076
20260625,18:00,是,48.3948,20.1428,29.4526,8.1375,21.3151,8.1375
20260625,19:00,是,160.2196,124.6403,40.7742,8.1375,32.6367,8.1375
20260625,20:00,是,140.6583,109.47,44.089,8.1375,35.9515,8.1375
20260625,21:00,是,76.05,60.977,16.5534,8.1375,8.4159,8.1375
20260625,22:00,是,7.975,0.0,7.975,7.975,0.0,7.975
20260625,23:00,是,7.375,0.6021,6.8,6.8,0.0,6.8
20260626,00:00,是,281.1417,253.2097,39.3272,8.1375,31.1897,8.1375
20260626,01:00,是,137.65,121.0539,26.7552,8.1375,18.6177,8.1375
20260626,02:00,是,118.0167,110.6994,16.2467,8.1375,8.1092,8.1375
20260626,03:00,是,94.7833,72.3734,33.6738,8.1375,25.5363,8.1375
20260626,04:00,是,62.8417,62.3525,6.7978,6.7978,0.0,6.7978
20260626,05:00,是,105.1168,88.3928,18.9182,8.1375,10.7807,8.1375
20260626,06:00,否,207.4837,174.234,34.5285,0.0,0.0,34.5285
20260626,07:00,否,325.7005,275.7668,56.1465,0.0,0.0,56.1465
20260626,08:00,否,221.9227,174.2189,48.3768,0.0,0.0,48.3768
20260626,09:00,否,331.8892,231.3455,100.5437,0.0,0.0,100.5437
20260626,10:00,否,188.9214,116.3741,72.5473,0.0,0.0,72.5473
20260626,11:00,否,337.4611,241.6735,95.7876,0.0,0.0,95.7876
20260626,12:00,否,398.4551,312.8111,88.6862,0.0,0.0,88.6862
20260626,13:00,否,338.5578,254.5045,84.0533,0.0,0.0,84.0533
20260626,14:00,否,241.305,142.8576,98.4474,0.0,0.0,98.4474
20260626,15:00,否,267.4437,178.1677,89.2759,0.0,0.0,89.2759
20260626,16:00,否,185.1592,105.3215,80.2116,0.0,0.0,80.2116
20260626,17:00,否,196.5159,108.7645,87.7514,0.0,0.0,87.7514
20260626,18:00,是,126.1606,102.1169,24.0436,8.1375,15.9061,8.1375
20260626,19:00,是,153.325,97.9485,55.3765,8.1375,47.239,8.1375
20260626,20:00,是,58.625,46.1339,13.53,8.1375,5.3925,8.1375
20260626,21:00,是,34.225,24.6609,11.3921,8.1375,3.2546,8.1375
20260626,22:00,是,12.65,5.3381,7.4618,7.4618,0.0,7.4618
20260626,23:00,是,19.025,11.083,10.5656,8.1375,2.4281,8.1375
20260627,00:00,是,374.9917,332.1792,66.1097,8.1375,57.9722,8.1375
20260627,01:00,是,105.8417,107.0072,9.6911,8.1375,1.5536,8.1375
20260627,02:00,是,34.2917,27.8597,14.1308,8.1375,5.9933,8.1375
20260627,03:00,是,51.5583,43.3691,13.9258,8.1375,5.7883,8.1375
20260627,04:00,是,86.375,66.7038,21.9495,8.1375,13.812,8.1375
20260627,05:00,是,42.5942,37.991,12.9075,8.1375,4.77,8.1375
20260627,06:00,否,110.7002,92.6818,20.5486,0.0,0.0,20.5486
20260627,07:00,否,265.2299,243.7961,32.8527,0.0,0.0,32.8527
20260627,08:00,否,213.7487,161.3426,56.7692,0.0,0.0,56.7692
20260627,09:00,否,319.3286,239.3743,79.9543,0.0,0.0,79.9543
20260627,10:00,否,238.4612,154.0136,84.4476,0.0,0.0,84.4476
20260627,11:00,否,286.5364,187.241,99.4802,0.0,0.0,99.4802
20260627,12:00,否,363.2096,272.1147,91.0949,0.0,0.0,91.0949
20260627,13:00,否,339.5397,263.1453,77.2985,0.0,0.0,77.2985
20260627,14:00,否,261.4883,179.891,81.5973,0.0,0.0,81.5973
20260627,15:00,否,111.6007,50.0926,61.5081,0.0,0.0,61.5081
20260627,16:00,否,96.7892,34.351,62.4382,0.0,0.0,62.4382
20260627,17:00,否,213.3292,125.4382,87.8909,0.0,0.0,87.8909
20260627,18:00,是,59.9074,43.0248,19.7524,8.1375,11.6149,8.1375
20260627,19:00,是,127.5764,105.2205,26.4243,8.1375,18.2868,8.1375
20260627,20:00,是,123.6,105.7936,21.3029,8.1375,13.1654,8.1375
20260627,21:00,是,36.725,29.9492,10.5213,8.1375,2.3838,8.1375
20260627,22:00,是,76.1333,58.9715,21.9747,8.1375,13.8372,8.1375
20260627,23:00,是,70.125,80.9317,8.4872,8.1375,0.3497,8.1375
20260628,00:00,是,209.4917,188.3153,39.5738,8.1375,31.4363,8.1375
20260628,01:00,是,48.7917,45.2824,9.5508,8.1375,1.4133,8.1375
20260628,02:00,是,133.9417,111.8302,22.1261,8.1375,13.9886,8.1375
20260628,03:00,是,88.4333,63.0998,27.621,8.1375,19.4835,8.1375
20260628,04:00,是,101.4417,97.712,13.1433,8.1375,5.0058,8.1375
20260628,05:00,是,85.9102,75.1906,15.7759,8.1375,7.6384,8.1375
20260628,06:00,否,241.0347,228.5704,20.2092,0.0,0.0,20.2092
20260628,07:00,否,302.1422,258.9268,48.191,0.0,0.0,48.191
20260628,08:00,否,232.219,169.7478,65.2931,0.0,0.0,65.2931
20260628,09:00,否,278.3776,181.2993,97.0782,0.0,0.0,97.0782
20260628,10:00,否,208.768,133.6759,75.0921,0.0,0.0,75.0921
20260628,11:00,否,210.4818,129.5596,81.5462,0.0,0.0,81.5462
20260628,12:00,否,382.2303,306.7177,96.7697,0.0,0.0,96.7697
20260628,13:00,否,286.7699,214.9162,71.8537,0.0,0.0,71.8537
20260628,14:00,否,169.1947,101.683,67.5117,0.0,0.0,67.5117
20260628,15:00,否,146.3507,90.9743,56.3591,0.0,0.0,56.3591
20260628,16:00,否,178.1662,108.6911,69.4751,0.0,0.0,69.4751
20260628,17:00,否,192.8388,123.2615,69.9034,0.0,0.0,69.9034
20260628,18:00,是,144.4447,113.2208,36.5265,8.1375,28.389,8.1375
20260628,19:00,是,260.6104,215.2276,45.8143,8.1375,37.6768,8.1375
20260628,20:00,是,124.525,116.6021,23.1908,8.1375,15.0533,8.1375
20260628,21:00,是,70.85,59.8203,21.0908,8.1375,12.9533,8.1375
20260628,22:00,是,157.625,139.3099,26.9506,8.1375,18.8131,8.1375
20260628,23:00,是,38.4,16.242,22.158,8.1375,14.0205,8.1375
20260629,00:00,是,307.2,270.6566,50.8668,8.1375,42.7293,8.1375
20260629,01:00,是,181.375,163.6298,29.3284,8.1375,21.1909,8.1375
20260629,02:00,是,132.4083,109.6555,27.6262,8.1375,19.4887,8.1375
20260629,03:00,是,144.9917,127.2398,25.2942,8.1375,17.1567,8.1375
20260629,04:00,是,20.825,23.6468,3.5564,3.5564,0.0,3.5564
20260629,05:00,是,31.0467,23.8755,11.4006,8.1375,3.2631,8.1375
20260629,06:00,否,191.9907,166.7287,31.0328,0.0,0.0,31.0328
20260629,07:00,否,254.2082,222.3526,38.0297,0.0,0.0,38.0297
20260629,08:00,否,198.1447,127.9042,71.1941,0.0,0.0,71.1941
20260629,09:00,否,221.079,155.9112,65.1678,0.0,0.0,65.1678
20260629,10:00,否,286.0718,200.3828,88.7632,0.0,0.0,88.7632
20260629,11:00,否,246.2867,148.3737,99.5369,0.0,0.0,99.5369
20260629,12:00,否,433.7559,346.9394,89.4495,0.0,0.0,89.4495
20260629,13:00,否,288.8869,207.3312,81.5557,0.0,0.0,81.5557
20260629,14:00,否,226.6227,144.2488,82.3739,0.0,0.0,82.3739
20260629,15:00,否,150.1308,89.7847,64.9797,0.0,0.0,64.9797
20260629,16:00,否,188.1638,114.0664,74.0973,0.0,0.0,74.0973
20260629,17:00,否,145.686,66.0409,79.6451,0.0,0.0,79.6451
20260629,18:00,是,56.4876,44.6204,15.4796,8.1375,7.3421,8.1375
20260629,19:00,是,116.9807,91.7157,27.8566,8.1375,19.7191,8.1375
20260629,20:00,是,69.075,65.7479,22.1474,8.1375,14.0099,8.1375
20260629,21:00,是,70.5,49.3565,24.8187,8.1375,16.6812,8.1375
20260629,22:00,是,17.875,13.5489,6.8516,6.8516,0.0,6.8516
20260629,23:00,是,30.25,19.4338,10.8162,8.1375,2.6787,8.1375
20260630,00:00,是,265.325,239.5045,37.7895,8.1375,29.652,8.1375
20260630,01:00,是,73.8417,69.3899,7.8377,7.8377,0.0,7.8377
20260630,02:00,是,140.725,115.2829,32.6949,8.1375,24.5574,8.1375
20260630,03:00,是,67.7083,65.6756,10.0704,8.1375,1.9329,8.1375
20260630,04:00,是,46.45,38.0201,13.9667,8.1375,5.8292,8.1375
20260630,05:00,是,42.7943,29.3907,14.6987,8.1375,6.5612,8.1375
20260630,06:00,否,205.7167,176.3575,34.3442,0.0,0.0,34.3442
20260630,07:00,否,286.7509,250.6873,51.0307,0.0,0.0,51.0307
20260630,08:00,否,244.0742,182.8907,63.3829,0.0,0.0,63.3829
20260630,09:00,否,248.2992,181.5208,66.7785,0.0,0.0,66.7785
20260630,10:00,否,237.3978,140.0724,97.3253,0.0,0.0,97.3253
20260630,11:00,否,328.3339,229.401,100.7179,0.0,0.0,100.7179
20260630,12:00,否,327.1072,257.7133,69.394,0.0,0.0,69.394
20260630,13:00,否,309.8716,221.2508,88.6208,0.0,0.0,88.6208
20260630,14:00,否,183.303,110.6099,72.6931,0.0,0.0,72.6931
20260630,15:00,否,212.6301,145.3409,67.2892,0.0,0.0,67.2892
20260630,16:00,否,102.0101,45.5752,56.4349,0.0,0.0,56.4349
20260630,17:00,否,153.9236,76.7767,77.1469,0.0,0.0,77.1469
20260630,18:00,是,130.3308,117.8755,22.0832,8.1375,13.9457,8.1375
20260630,19:00,是,195.4012,162.6479,37.7772,8.1375,29.6397,8.1375
20260630,20:00,是,33.3667,19.5619,14.877,8.1375,6.7395,8.1375
20260630,21:00,是,51.775,38.1956,13.5794,8.1375,5.4419,8.1375
20260630,22:00,是,63.375,48.1774,15.3642,8.1375,7.2267,8.1375
20260630,23:00,是,48.4,32.4656,15.9344,8.1375,7.7969,8.1375
