时间,储能有功功率(kW),电网功率(kW),负载功率(kW),SOC(%),光伏发电功率(kW)
2026-04-23 00:00:00,-29.5,-44.4,1.2,3,0.0
2026-04-23 00:05:00,-44.9,-89.7,-44.8,4,0.0
2026-04-23 00:10:00,-44.8,-164.1,-119.0,6,0.0
2026-04-23 00:15:00,-44.9,-129.9,-85.0,7,0.0
2026-04-23 00:20:00,-44.9,-100.2,-55.2,8,0.0
2026-04-23 00:25:00,-44.9,-99.9,-55.2,10,0.0
2026-04-23 00:30:00,-44.8,-101.7,-57.0,11,0.0
2026-04-23 00:35:00,-44.9,-101.1,-56.2,12,0.0
2026-04-23 00:40:00,-45.0,-96.6,-51.6,14,0.0
2026-04-23 00:45:00,-45.0,-135.6,-90.7,15,0.0
2026-04-23 00:50:00,-45.0,-176.1,-131.1,16,0.0
2026-04-23 00:55:00,-45.0,-173.1,-128.1,18,0.0
2026-04-23 01:00:00,-44.9,-139.5,-94.6,19,0.0
2026-04-23 01:05:00,-45.1,-133.8,-88.8,20,0.0
2026-04-23 01:10:00,-44.9,-133.8,-88.9,21,0.0
2026-04-23 01:15:00,-44.9,-132.9,-87.9,22,0.0
2026-04-23 01:20:00,-45.0,-111.6,-66.6,24,0.0
2026-04-23 01:25:00,-45.0,-111.9,-67.1,25,0.0
2026-04-23 01:30:00,-45.0,-88.5,-43.4,26,0.0
2026-04-23 01:35:00,-45.0,-57.0,-12.0,27,0.0
2026-04-23 01:40:00,-44.9,-55.2,-10.3,28,0.0
2026-04-23 01:45:00,-45.0,-51.9,-6.9,30,0.0
2026-04-23 01:50:00,-44.9,-49.8,-4.7,31,0.0
2026-04-23 01:55:00,-45.0,-49.8,-4.9,32,0.0
2026-04-23 02:00:00,-45.0,-125.4,-80.6,33,0.0
2026-04-23 02:05:00,-45.0,-130.2,-85.2,34,0.0
2026-04-23 02:10:00,-45.0,-311.7,-266.7,36,0.0
2026-04-23 02:15:00,-45.0,-269.7,-224.9,37,0.0
2026-04-23 02:20:00,-45.0,-248.1,-203.1,38,0.0
2026-04-23 02:25:00,-45.0,-309.0,-264.2,39,0.0
2026-04-23 02:30:00,-45.0,-299.4,-254.4,40,0.0
2026-04-23 02:35:00,-45.0,-242.4,-197.6,42,0.0
2026-04-23 02:40:00,-45.0,-195.9,-151.0,43,0.0
2026-04-23 02:45:00,-44.9,-154.2,-109.3,44,0.0
2026-04-23 02:50:00,-44.9,-151.2,-106.3,45,0.0
2026-04-23 02:55:00,-44.9,-144.3,-99.3,46,0.0
2026-04-23 03:00:00,-45.0,-132.6,-87.6,48,0.0
2026-04-23 03:05:00,-44.9,-96.9,-52.0,49,0.0
2026-04-23 03:10:00,-44.9,-152.1,-107.2,50,0.0
2026-04-23 03:15:00,-45.0,-109.8,-64.9,51,0.0
2026-04-23 03:20:00,-45.0,-98.4,-53.5,52,0.0
2026-04-23 03:25:00,-45.0,-89.1,-44.1,54,0.0
2026-04-23 03:30:00,-44.8,-80.1,-35.0,55,0.0
2026-04-23 03:35:00,-44.9,-79.5,-34.6,56,0.0
2026-04-23 03:40:00,-45.0,-77.7,-32.7,57,0.0
2026-04-23 03:45:00,-44.9,-73.2,-28.3,58,0.0
2026-04-23 03:50:00,-45.0,-71.7,-26.7,60,0.0
2026-04-23 03:55:00,-44.9,-60.6,-15.8,61,0.0
2026-04-23 04:00:00,-45.0,-60.3,-15.3,62,0.0
2026-04-23 04:05:00,-45.0,-61.8,-16.8,63,0.0
2026-04-23 04:10:00,-44.9,-212.7,-167.8,64,0.0
2026-04-23 04:15:00,-45.1,-204.0,-159.0,66,0.0
2026-04-23 04:20:00,-44.9,-184.2,-139.3,67,0.0
2026-04-23 04:25:00,-45.0,-140.1,-95.1,68,0.0
2026-04-23 04:30:00,-44.8,-124.2,-79.4,69,0.0
2026-04-23 04:35:00,-44.9,-106.2,-61.3,70,0.0
2026-04-23 04:40:00,-44.9,-88.8,-43.8,72,0.0
2026-04-23 04:45:00,-44.9,-168.0,-123.1,73,0.0
2026-04-23 04:50:00,-44.9,-147.0,-102.0,74,0.0
2026-04-23 04:55:00,-45.1,-241.8,-196.7,75,0.0
2026-04-23 05:00:00,-44.8,-221.1,-176.1,76,0.0
2026-04-23 05:05:00,-44.9,-161.4,-116.5,78,0.0
2026-04-23 05:10:00,-44.9,-99.0,-54.0,79,0.0
2026-04-23 05:15:00,-44.9,-91.8,-46.9,80,0.0
2026-04-23 05:20:00,-44.8,-77.4,-32.6,81,0.0
2026-04-23 05:25:00,-44.9,-54.0,-9.1,83,0.0
2026-04-23 05:30:00,-45.0,-50.4,-5.6,84,0.0
2026-04-23 05:35:00,-44.9,-50.1,-5.2,85,0.0
2026-04-23 05:40:00,-45.0,-50.1,-5.1,86,0.0
2026-04-23 05:45:00,-45.0,-54.0,-9.0,88,0.0
2026-04-23 05:50:00,-45.0,-53.7,-8.7,89,0.0
2026-04-23 05:55:00,-44.9,-51.3,-6.3,90,2.277
2026-04-23 06:00:00,-44.9,-49.5,-4.6,91,3.968
2026-04-23 06:05:00,-45.0,-42.3,2.7,93,6.066
2026-04-23 06:10:00,-44.9,-40.2,4.8,94,8.459
2026-04-23 06:15:00,0.0,8.1,8.1,98,11.365
2026-04-23 06:20:00,0.0,-92.1,-92.1,98,16.52
2026-04-23 06:25:00,0.0,-133.2,-133.2,98,19.439
2026-04-23 06:30:00,0.0,-131.4,-131.4,98,21.068
2026-04-23 06:35:00,0.0,-292.8,-292.8,98,23.418
2026-04-23 06:40:00,0.0,-272.7,-272.7,98,25.557
2026-04-23 06:45:00,0.0,-251.4,-251.4,98,32.043
2026-04-23 06:50:00,0.0,-173.4,-173.4,98,38.167
2026-04-23 06:55:00,0.0,-178.5,-178.5,98,34.533
2026-04-23 07:00:00,0.0,-176.4,-176.4,98,34.695
2026-04-23 07:05:00,0.0,-192.0,-192.0,98,38.369
2026-04-23 07:10:00,0.0,-180.9,-180.9,98,23.441
2026-04-23 07:15:00,0.0,-284.1,-284.1,98,27.775
2026-04-23 07:20:00,0.0,-269.4,-269.4,98,21.248
2026-04-23 07:25:00,0.0,-157.5,-157.5,98,23.066
2026-04-23 07:30:00,0.0,-85.2,-85.2,98,26.482
2026-04-23 07:35:00,0.0,-163.2,-163.2,98,40.102
2026-04-23 07:40:00,0.0,-261.3,-261.3,98,46.31
2026-04-23 07:45:00,0.0,-290.7,-290.7,98,45.787
2026-04-23 07:50:00,0.0,-237.3,-237.3,98,55.786
2026-04-23 07:55:00,0.0,-267.9,-267.9,98,70.87
2026-04-23 08:00:00,110.5,-130.2,-240.7,98,85.187
2026-04-23 08:05:00,124.8,-67.2,-192.2,94,98.371
2026-04-23 08:10:00,124.9,-30.6,-155.5,90,82.581
2026-04-23 08:15:00,82.2,-11.1,-93.0,87,80.644
2026-04-23 08:20:00,56.5,-4.5,-61.0,85,63.209
2026-04-23 08:25:00,50.1,-4.8,-54.9,83,103.973
2026-04-23 08:30:00,30.9,-8.7,-39.6,82,110.525
2026-04-23 08:35:00,-27.2,-5.7,21.4,81,125.486
2026-04-23 08:40:00,-63.8,-6.0,57.8,82,143.189
2026-04-23 08:45:00,-37.4,-5.7,31.7,84,106.512
2026-04-23 08:50:00,-31.8,-7.2,24.4,84,87.101
2026-04-23 08:55:00,-71.7,-6.3,65.4,86,95.234
2026-04-23 09:00:00,-131.0,7.2,138.2,89,188.7
2026-04-23 09:05:00,-19.1,-4.5,14.6,91,164.565
2026-04-23 09:10:00,17.9,-6.3,-24.3,91,122.052
2026-04-23 09:15:00,14.7,-9.3,-24.4,90,111.603
2026-04-23 09:20:00,-98.4,-1.2,97.2,93,142.104
2026-04-23 09:25:00,-101.0,63.9,164.9,96,190.586
2026-04-23 09:30:00,0.0,89.7,89.7,98,167.765
2026-04-23 09:35:00,30.7,-9.9,-40.3,97,136.015
2026-04-23 09:40:00,124.8,-195.9,-320.7,94,120.432
2026-04-23 09:45:00,124.7,-217.8,-342.7,90,110.994
2026-04-23 09:50:00,125.1,-127.8,-252.7,86,119.468
2026-04-23 09:55:00,70.2,-25.8,-95.3,82,156.206
2026-04-23 10:00:00,-54.5,-8.7,45.8,82,180.091
2026-04-23 10:05:00,-16.8,-7.5,9.4,83,103.462
2026-04-23 10:10:00,51.4,-6.9,-58.3,82,95.122
2026-04-23 10:15:00,34.2,-5.4,-39.6,81,102.155
2026-04-23 10:20:00,11.8,-5.4,-17.2,80,104.369
2026-04-23 10:25:00,8.0,-6.0,-14.1,80,85.155
2026-04-23 10:30:00,17.6,-7.8,-25.7,79,74.82
2026-04-23 10:35:00,30.4,-7.5,-37.2,79,54.057
2026-04-23 10:40:00,88.2,-10.5,-97.6,77,46.063
2026-04-23 10:45:00,88.2,-6.3,-94.0,75,59.766
2026-04-23 10:50:00,125.6,-30.3,-155.5,72,79.611
2026-04-23 10:55:00,124.9,-17.7,-142.6,68,74.352
2026-04-23 11:00:00,113.3,-7.5,-120.9,64,55.516
2026-04-23 11:05:00,50.6,-6.6,-57.3,62,74.726
2026-04-23 11:10:00,-41.3,-6.6,34.7,61,129.346
2026-04-23 11:15:00,-49.8,-9.3,40.5,63,122.825
2026-04-23 11:20:00,8.3,-6.3,-14.7,64,110.905
2026-04-23 11:25:00,-28.8,-6.0,23.0,64,102.307
2026-04-23 11:30:00,-29.5,-6.0,23.5,65,113.011
2026-04-23 11:35:00,-9.9,-9.9,0.0,65,83.021
2026-04-23 11:40:00,-53.9,-5.4,48.5,66,126.846
2026-04-23 11:45:00,-47.0,-10.8,36.2,68,135.491
2026-04-23 11:50:00,58.5,-8.4,-66.8,68,77.996
2026-04-23 11:55:00,124.8,-19.8,-144.9,64,85.565
2026-04-23 12:00:00,125.4,-84.3,-209.1,60,79.177
2026-04-23 12:05:00,125.0,-366.9,-492.1,57,64.781
2026-04-23 12:10:00,124.9,-335.1,-460.0,53,57.817
2026-04-23 12:15:00,124.9,-240.3,-365.5,49,53.272
2026-04-23 12:20:00,124.9,-232.2,-356.7,45,51.45
2026-04-23 12:25:00,125.3,-164.1,-289.0,41,53.531
2026-04-23 12:30:00,125.4,-112.2,-237.1,38,47.087
2026-04-23 12:35:00,100.9,-12.0,-112.8,34,40.976
2026-04-23 12:40:00,125.4,-111.9,-236.5,30,38.976
2026-04-23 12:45:00,125.4,-258.9,-384.3,26,26.208
2026-04-23 12:50:00,124.8,-367.2,-492.0,23,16.429
2026-04-23 12:55:00,125.0,-301.8,-426.7,19,21.472
2026-04-23 13:00:00,-124.6,-434.4,-350.8,15,7.309
2026-04-23 13:05:00,-125.0,-327.3,-202.6,18,3.041
2026-04-23 13:10:00,-124.9,-298.2,-173.1,22,6.773
2026-04-23 13:15:00,-124.9,-335.4,-210.3,25,8.951
2026-04-23 13:20:00,-124.9,-334.5,-209.6,29,16.529
2026-04-23 13:25:00,-125.1,-359.4,-234.3,32,30.488
2026-04-23 13:30:00,-125.0,-285.9,-160.9,36,27.7
2026-04-23 13:35:00,-125.0,-454.2,-329.3,39,14.504
2026-04-23 13:40:00,-124.8,-427.5,-302.7,43,10.544
2026-04-23 13:45:00,-124.9,-383.7,-258.8,46,33.469
2026-04-23 13:50:00,-124.9,-408.3,-283.5,50,10.048
2026-04-23 13:55:00,-125.0,-325.5,-200.4,53,23.84
2026-04-23 14:00:00,4.0,-5.1,18.9,57,29.075
2026-04-23 14:05:00,-6.6,-6.6,0.0,57,45.13
2026-04-23 14:10:00,63.0,-4.2,-67.5,57,16.678
2026-04-23 14:15:00,125.0,-12.6,-137.6,54,14.993
2026-04-23 14:20:00,125.2,-28.5,-153.2,50,15.757
2026-04-23 14:25:00,125.1,-10.8,-135.8,46,19.898
2026-04-23 14:30:00,109.8,-6.0,-115.7,43,32.75
2026-04-23 14:35:00,86.3,-9.6,-96.1,40,9.039
2026-04-23 14:40:00,99.0,-8.4,-107.3,37,7.349
2026-04-23 14:45:00,25.5,-6.3,-31.8,36,23.568
2026-04-23 14:50:00,17.7,-7.2,-24.9,35,25.741
2026-04-23 14:55:00,38.0,1.5,-36.6,34,20.93
2026-04-23 15:00:00,22.3,-5.7,-28.0,33,21.71
2026-04-23 15:05:00,125.0,-15.0,-140.2,32,19.769
2026-04-23 15:10:00,125.4,-11.1,-136.5,28,22.758
2026-04-23 15:15:00,117.8,-5.1,-122.9,24,22.02
2026-04-23 15:20:00,124.9,-9.6,-134.5,21,33.362
2026-04-23 15:25:00,124.4,-9.0,-133.4,17,39.059
2026-04-23 15:30:00,125.0,-37.2,-162.2,14,54.253
2026-04-23 15:35:00,110.9,-6.0,-117.0,10,53.256
2026-04-23 15:40:00,105.6,-9.6,-115.1,6,55.469
2026-04-23 15:45:00,0.0,-93.3,-93.3,3,61.349
2026-04-23 15:50:00,0.0,-172.2,-172.2,3,47.73
2026-04-23 15:55:00,0.0,-96.0,-96.0,3,41.952
2026-04-23 16:00:00,0.0,-62.7,-62.7,3,38.831
2026-04-23 16:05:00,0.0,-190.5,-190.5,3,41.348
2026-04-23 16:10:00,0.0,-182.4,-182.4,3,41.388
2026-04-23 16:15:00,0.0,-356.4,-356.4,3,37.14
2026-04-23 16:20:00,0.0,-305.7,-305.7,3,31.244
2026-04-23 16:25:00,0.0,-211.8,-211.8,3,27.019
2026-04-23 16:30:00,0.0,-161.1,-161.1,3,27.388
2026-04-23 16:35:00,0.0,-164.7,-164.7,3,22.672
2026-04-23 16:40:00,0.0,-100.8,-100.8,3,17.348
2026-04-23 16:45:00,0.0,-275.1,-275.1,3,20.962
2026-04-23 16:50:00,0.0,-269.4,-269.4,3,26.513
2026-04-23 16:55:00,0.0,-205.2,-205.2,3,18.554
2026-04-23 17:00:00,0.0,-200.4,-200.4,3,11.866
2026-04-23 17:05:00,0.0,-201.6,-201.6,3,10.616
2026-04-23 17:10:00,0.0,-186.0,-186.0,3,11.479
2026-04-23 17:15:00,0.0,-184.5,-184.5,3,14.499
2026-04-23 17:20:00,0.0,-129.6,-129.6,3,17.276
2026-04-23 17:25:00,0.0,-210.0,-210.0,3,16.504
2026-04-23 17:30:00,0.0,-210.9,-210.9,3,13.798
2026-04-23 17:35:00,0.0,-158.7,-158.7,3,11.412
2026-04-23 17:40:00,0.0,-121.8,-121.8,3,9.219
2026-04-23 17:45:00,0.0,-141.0,-141.0,3,9.637
2026-04-23 17:50:00,0.0,-115.5,-115.5,3,8.732
2026-04-23 17:55:00,0.0,-100.2,-100.2,3,6.987
2026-04-23 18:00:00,0.0,-200.1,-200.1,3,6.862
2026-04-23 18:05:00,0.0,-213.6,-213.6,3,6.436
2026-04-23 18:10:00,0.0,-207.6,-207.6,3,4.73
2026-04-23 18:15:00,0.0,-176.7,-176.7,3,1.893
2026-04-23 18:20:00,0.0,-140.1,-140.1,3,1.248
2026-04-23 18:25:00,0.0,-117.6,-117.6,3,0.168
2026-04-23 18:30:00,0.0,-35.4,-35.4,3,0.06
2026-04-23 18:35:00,0.0,-36.6,-36.6,3,0.0
2026-04-23 18:40:00,0.0,-83.4,-83.4,3,0.0
2026-04-23 18:45:00,0.0,-73.8,-73.8,3,0.0
2026-04-23 18:50:00,0.0,-62.7,-62.7,3,0.0
2026-04-23 18:55:00,0.0,-110.7,-110.7,3,0.0
2026-04-23 19:00:00,0.0,-101.7,-101.7,3,0.0
2026-04-23 19:05:00,0.0,-102.3,-102.3,3,0.0
2026-04-23 19:10:00,0.0,-165.9,-165.9,3,0.0
2026-04-23 19:15:00,0.0,-123.3,-123.3,3,0.0
2026-04-23 19:20:00,0.0,-115.2,-115.2,3,0.0
2026-04-23 19:25:00,0.0,-81.9,-81.9,3,0.0
2026-04-23 19:30:00,0.0,-55.2,-55.2,3,0.0
2026-04-23 19:35:00,0.0,-55.5,-55.5,3,0.0
2026-04-23 19:40:00,0.0,-54.3,-54.3,3,0.0
2026-04-23 19:45:00,0.0,-52.5,-52.5,3,0.0
2026-04-23 19:50:00,0.0,-6.6,-6.6,3,0.0
2026-04-23 19:55:00,0.0,-8.1,-8.1,3,0.0
2026-04-23 20:00:00,0.0,-8.4,-8.4,3,0.0
2026-04-23 20:05:00,0.0,-8.7,-8.7,3,0.0
2026-04-23 20:10:00,0.0,-9.0,-9.0,3,0.0
2026-04-23 20:15:00,0.0,-8.7,-8.7,3,0.0
2026-04-23 20:20:00,0.0,-49.8,-49.8,3,0.0
2026-04-23 20:25:00,0.0,-50.7,-50.7,3,0.0
2026-04-23 20:30:00,0.0,-49.5,-49.5,3,0.0
2026-04-23 20:35:00,0.0,-51.0,-51.0,3,0.0
2026-04-23 20:40:00,0.0,-49.8,-49.8,3,0.0
2026-04-23 20:45:00,0.0,-8.7,-8.7,3,0.0
2026-04-23 20:50:00,0.0,-8.7,-8.7,3,0.0
2026-04-23 20:55:00,0.0,-99.6,-99.6,3,0.0
2026-04-23 21:00:00,0.0,-80.1,-80.1,3,0.0
2026-04-23 21:05:00,0.0,-64.8,-64.8,3,0.0
2026-04-23 21:10:00,0.0,-58.5,-58.5,3,0.0
2026-04-23 21:15:00,0.0,-56.7,-56.7,3,0.0
2026-04-23 21:20:00,0.0,-20.7,-20.7,3,0.0
2026-04-23 21:25:00,0.0,-13.8,-13.8,3,0.0
2026-04-23 21:30:00,0.0,-6.0,-6.0,3,0.0
2026-04-23 21:35:00,-0.9,-6.0,-5.3,3,0.0
2026-04-23 21:40:00,-0.9,-6.3,-5.3,3,0.0
2026-04-23 21:45:00,0.0,-9.0,-9.0,3,0.0
2026-04-23 21:50:00,-1.0,-6.3,-5.3,3,0.0
2026-04-23 21:55:00,0.0,-10.5,-10.5,3,0.0
2026-04-23 22:00:00,-1.0,-6.0,-5.0,3,0.0
2026-04-23 22:05:00,-1.0,-6.0,-5.0,3,0.0
2026-04-23 22:10:00,-0.8,-5.7,-4.9,3,0.0
2026-04-23 22:15:00,-1.0,-6.0,-5.0,3,0.0
2026-04-23 22:20:00,0.0,-26.7,-26.7,3,0.0
2026-04-23 22:25:00,0.0,-24.9,-24.9,3,0.0
2026-04-23 22:30:00,0.0,-25.2,-25.2,3,0.0
2026-04-23 22:35:00,0.0,-15.0,-15.0,3,0.0
2026-04-23 22:40:00,0.0,-15.6,-15.6,3,0.0
2026-04-23 22:45:00,0.0,-12.3,-12.3,3,0.0
2026-04-23 22:50:00,-1.2,-6.0,-4.8,3,0.0
2026-04-23 22:55:00,0.0,-32.7,-32.7,3,0.0
2026-04-23 23:00:00,0.0,-33.9,-33.9,3,0.0
2026-04-23 23:05:00,0.0,-33.9,-33.9,3,0.0
2026-04-23 23:10:00,0.0,-53.4,-53.4,3,0.0
2026-04-23 23:15:00,0.0,-46.5,-46.5,3,0.0
2026-04-23 23:20:00,0.0,-6.0,-6.0,3,0.0
2026-04-23 23:25:00,0.0,-9.6,-9.6,3,0.0
2026-04-23 23:30:00,-0.9,-6.6,-5.6,3,0.0
2026-04-23 23:35:00,-1.2,-6.3,-5.1,3,0.0
2026-04-23 23:40:00,-0.8,-6.3,-5.2,3,0.0
2026-04-23 23:45:00,-0.8,-6.0,-5.2,3,0.0
2026-04-23 23:50:00,0.0,-8.7,-8.7,3,0.0
2026-04-23 23:55:00,-0.8,-6.0,-5.2,3,0.0
